CurrentDateTime,PlayerX,PlayerY,ColumnX,ColumnY,HitData
04-07-2024 17:10:00.137, -9.2048, -3.2, 4.2, -0.93, 0
04-07-2024 17:10:00.141, -9.2048, -3.2, 4.18, -0.93, 0
04-07-2024 17:10:02.206, -9.2048, -3.2, 4.16, -0.93, 0
04-07-2024 17:10:02.219, -9.2048, -3.2, 4.12, -0.93, 0
04-07-2024 17:10:02.244, -9.2048, -3.2, 4.08, -0.93, 0
04-07-2024 17:10:02.259, -9.2048, -3.2, 4.04, -0.93, 0
04-07-2024 17:10:02.277, -9.2048, -3.2, 4, -0.93, 0
04-07-2024 17:10:02.303, -9.2048, -3.2, 3.96, -0.93, 0
04-07-2024 17:10:02.319, -9.2048, -3.2, 3.92, -0.93, 0
04-07-2024 17:10:02.343, -9.2048, -3.2, 3.88, -0.93, 0
04-07-2024 17:10:02.358, -9.2048, -3.2, 3.84, -0.93, 0
04-07-2024 17:10:02.382, -9.2048, -3.2, 3.8, -0.93, 0
04-07-2024 17:10:02.396, -9.2048, -3.2, 3.76, -0.93, 0
04-07-2024 17:10:02.421, -9.2048, -3.2, 3.72, -0.93, 0
04-07-2024 17:10:02.439, -9.2048, -3.2, 3.68, -0.93, 0
04-07-2024 17:10:02.464, -9.2048, -3.2, 3.64, -0.93, 0
04-07-2024 17:10:02.480, -9.2048, -3.2, 3.6, -0.93, 0
04-07-2024 17:10:02.495, -9.2048, -3.2, 3.56, -0.93, 0
04-07-2024 17:10:02.521, -9.2048, -3.2, 3.52, -0.93, 0
04-07-2024 17:10:02.539, -9.2048, -3.2, 3.48, -0.93, 0
04-07-2024 17:10:02.563, -9.2048, -3.2, 3.440001, -0.93, 0
04-07-2024 17:10:02.579, -9.2048, -3.2, 3.400001, -0.93, 0
04-07-2024 17:10:02.596, -9.2048, -3.2, 3.360001, -0.93, 0
04-07-2024 17:10:02.622, -9.2048, -3.2, 3.320001, -0.93, 0
04-07-2024 17:10:02.638, -9.2048, -3.2, 3.280001, -0.93, 0
04-07-2024 17:10:02.663, -9.2048, -3.2, 3.240001, -0.93, 0
04-07-2024 17:10:02.679, -9.2048, -3.2, 3.200001, -0.93, 0
04-07-2024 17:10:02.696, -9.2048, -3.2, 3.160001, -0.93, 0
04-07-2024 17:10:02.721, -9.2048, -3.2, 3.120001, -0.93, 0
04-07-2024 17:10:02.737, -9.2048, -3.2, 3.080001, -0.93, 0
04-07-2024 17:10:02.756, -9.2048, -3.2, 3.040001, -0.93, 0
04-07-2024 17:10:02.780, -9.2048, -3.2, 3.000001, -0.93, 0
04-07-2024 17:10:02.798, -9.2048, -3.2, 2.960001, -0.93, 0
04-07-2024 17:10:02.821, -9.2048, -3.2, 2.920001, -0.93, 0
04-07-2024 17:10:02.838, -9.2048, -3.2, 2.880001, -0.93, 0
04-07-2024 17:10:02.862, -9.2048, -3.2, 2.840001, -0.93, 0
04-07-2024 17:10:02.879, -9.2048, -3.2, 2.800001, -0.93, 0
04-07-2024 17:10:02.895, -9.2048, -3.2, 2.760001, -0.93, 0
04-07-2024 17:10:02.922, -9.2048, -3.2, 2.720001, -0.93, 0
04-07-2024 17:10:02.938, -9.2048, -3.2, 2.680001, -0.93, 0
04-07-2024 17:10:02.964, -9.2048, -3.2, 2.640001, -0.93, 0
04-07-2024 17:10:02.980, -9.2048, -3.2, 2.600001, -0.93, 0
04-07-2024 17:10:02.996, -9.2048, -3.2, 2.560001, -0.93, 0
04-07-2024 17:10:03.020, -9.2048, -3.2, 2.520001, -0.93, 0
04-07-2024 17:10:03.038, -9.2048, -3.2, 2.480001, -0.93, 0
04-07-2024 17:10:03.056, -9.2048, -3.2, 2.440001, -0.93, 0
04-07-2024 17:10:03.080, -9.2048, -3.2, 2.400002, -0.93, 0
04-07-2024 17:10:03.097, -9.2048, -3.2, 2.360002, -0.93, 0
04-07-2024 17:10:03.121, -9.2048, -3.2, 2.320002, -0.93, 0
04-07-2024 17:10:03.139, -9.2048, -3.2, 2.280002, -0.93, 0
04-07-2024 17:10:03.163, -9.2048, -3.2, 2.240002, -0.93, 0
04-07-2024 17:10:03.181, -9.2048, -3.2, 2.200002, -0.93, 0
04-07-2024 17:10:03.197, -9.2048, -3.2, 2.160002, -0.93, 0
04-07-2024 17:10:03.222, -9.2048, -3.2, 2.120002, -0.93, 0
04-07-2024 17:10:03.239, -9.2048, -3.2, 2.080002, -0.93, 0
04-07-2024 17:10:03.264, -9.2048, -3.2, 2.040002, -0.93, 0
04-07-2024 17:10:03.279, -9.2048, -3.2, 2.000002, -0.93, 0
04-07-2024 17:10:03.297, -9.2048, -3.2, 1.960002, -0.93, 0
04-07-2024 17:10:03.321, -9.2048, -3.2, 1.920002, -0.93, 0
04-07-2024 17:10:03.337, -9.2048, -3.2, 1.880002, -0.93, 0
04-07-2024 17:10:03.363, -9.2048, -3.2, 1.840002, -0.93, 0
04-07-2024 17:10:03.379, -9.2048, -3.2, 1.800002, -0.93, 0
04-07-2024 17:10:03.396, -9.2048, -3.2, 1.760002, -0.93, 0
04-07-2024 17:10:03.421, -9.2048, -3.2, 1.720002, -0.93, 0
04-07-2024 17:10:03.437, -9.2048, -3.2, 1.680002, -0.93, 0
04-07-2024 17:10:03.465, -9.2048, -3.2, 1.640002, -0.93, 0
04-07-2024 17:10:03.480, -9.2048, -3.2, 1.600002, -0.93, 0
04-07-2024 17:10:03.497, -9.2048, -3.2, 1.560002, -0.93, 0
04-07-2024 17:10:03.523, -9.2048, -3.2, 1.520002, -0.93, 0
04-07-2024 17:10:03.538, -9.2048, -3.2, 1.480002, -0.93, 0
04-07-2024 17:10:03.563, -9.2048, -3.2, 1.440002, -0.93, 0
04-07-2024 17:10:03.579, -9.2048, -3.2, 1.400002, -0.93, 0
04-07-2024 17:10:03.597, -9.2048, -3.2, 1.360003, -0.93, 0
04-07-2024 17:10:03.621, -9.2048, -3.2, 1.320003, -0.93, 0
04-07-2024 17:10:03.639, -9.2048, -3.2, 1.280003, -0.93, 0
04-07-2024 17:10:03.663, -9.2048, -3.2, 1.240003, -0.93, 0
04-07-2024 17:10:03.679, -9.2048, -3.2, 1.200003, -0.93, 0
04-07-2024 17:10:03.696, -9.2048, -3.2, 1.160003, -0.93, 0
04-07-2024 17:10:03.722, -9.2048, -3.2, 1.120003, -0.93, 0
04-07-2024 17:10:03.738, -9.2048, -3.2, 1.080003, -0.93, 0
04-07-2024 17:10:03.764, -9.2048, -3.2, 1.040003, -0.93, 0
04-07-2024 17:10:03.779, -9.2048, -3.2, 1.000003, -0.93, 0
04-07-2024 17:10:03.797, -9.2048, -3.2, 0.9600028, -0.93, 0
04-07-2024 17:10:03.822, -9.2048, -3.2, 0.9200028, -0.93, 0
04-07-2024 17:10:03.839, -9.2048, -3.2, 0.8800028, -0.93, 0
04-07-2024 17:10:03.863, -9.2048, -3.2, 0.8400028, -0.93, 0
04-07-2024 17:10:03.880, -9.2048, -3.2, 0.8000028, -0.93, 0
04-07-2024 17:10:03.896, -9.2048, -3.2, 0.7600027, -0.93, 0
04-07-2024 17:10:03.921, -9.2048, -3.2, 0.7200027, -0.93, 0
04-07-2024 17:10:03.937, -9.2048, -3.2, 0.6800027, -0.93, 0
04-07-2024 17:10:03.963, -9.2048, -3.2, 0.6400027, -0.93, 0
04-07-2024 17:10:03.979, -9.2048, -3.2, 0.6000026, -0.93, 0
04-07-2024 17:10:03.995, -9.2048, -3.2, 0.5600026, -0.93, 0
04-07-2024 17:10:04.021, -9.2048, -3.2, 0.5200026, -0.93, 0
04-07-2024 17:10:04.038, -9.2048, -3.2, 0.4800026, -0.93, 0
04-07-2024 17:10:04.064, -9.2048, -3.2, 0.4400026, -0.93, 0
04-07-2024 17:10:04.090, -9.2048, -3.2, 0.4000026, -0.93, 0
04-07-2024 17:10:04.097, -9.2048, -3.2, 0.3600026, -0.93, 0
04-07-2024 17:10:04.119, -9.2048, -3.2, 0.3200026, -0.93, 0
04-07-2024 17:10:04.144, -9.2048, -3.2, 0.2800027, -0.93, 0
04-07-2024 17:10:04.161, -9.2048, -3.2, 0.2400027, -0.93, 0
04-07-2024 17:10:04.176, -9.2048, -3.2, 0.2000027, -0.93, 0
04-07-2024 17:10:04.202, -9.2048, -3.2, 0.1600027, -0.93, 0
04-07-2024 17:10:04.218, -9.2048, -3.2, 0.1200027, -0.93, 0
04-07-2024 17:10:04.243, -9.2048, -3.2, 0.08000268, -0.93, 0
04-07-2024 17:10:04.260, -9.2048, -3.2, 0.04000268, -0.93, 0
04-07-2024 17:10:04.276, -9.2048, -3.2, 2.682209E-06, -0.93, 0
04-07-2024 17:10:04.301, -9.2048, -3.2, -0.03999732, -0.93, 0
04-07-2024 17:10:04.319, -9.2048, -3.2, -0.07999732, -0.93, 0
04-07-2024 17:10:04.343, -9.2048, -3.2, -0.1199973, -0.93, 0
04-07-2024 17:10:04.360, -9.2048, -3.2, -0.1599973, -0.93, 0
04-07-2024 17:10:04.376, -9.2048, -3.2, -0.1999973, -0.93, 0
04-07-2024 17:10:04.402, -9.2048, -3.2, -0.2399973, -0.93, 0
04-07-2024 17:10:04.418, -9.2048, -3.2, -0.2799973, -0.93, 0
04-07-2024 17:10:04.442, -9.2048, -3.2, -0.3199973, -0.93, 0
04-07-2024 17:10:04.460, -9.2048, -3.2, -0.3599973, -0.93, 0
04-07-2024 17:10:04.477, -9.2048, -3.2, -0.3999973, -0.93, 0
04-07-2024 17:10:04.502, -9.2048, -3.2, -0.4399973, -0.93, 0
04-07-2024 17:10:04.518, -9.2048, -3.2, -0.4799972, -0.93, 0
04-07-2024 17:10:04.543, -9.2048, -3.2, -0.5199972, -0.93, 0
04-07-2024 17:10:04.560, -9.2048, -3.2, -0.5599973, -0.93, 0
04-07-2024 17:10:04.576, -9.2048, -3.2, -0.5999973, -0.93, 0
04-07-2024 17:10:04.601, -9.2048, -3.2, -0.6399973, -0.93, 0
04-07-2024 17:10:04.618, -9.2048, -3.2, -0.6799973, -0.93, 0
04-07-2024 17:10:04.643, -9.2048, -3.2, -0.7199973, -0.93, 0
04-07-2024 17:10:04.669, -9.2048, -3.2, -0.7599974, -0.93, 0
04-07-2024 17:10:04.676, -9.2048, -3.2, -0.7999974, -0.93, 0
04-07-2024 17:10:04.698, -9.2048, -3.2, -0.8399974, -0.93, 0
04-07-2024 17:10:04.722, -9.2048, -3.2, -0.8799974, -0.93, 0
04-07-2024 17:10:04.739, -9.2048, -3.2, -0.9199975, -0.93, 0
04-07-2024 17:10:04.765, -9.2048, -3.2, -0.9599975, -0.93, 0
04-07-2024 17:10:04.781, -9.2048, -3.2, -0.9999975, -0.93, 0
04-07-2024 17:10:04.797, -9.2048, -3.2, -1.039997, -0.93, 0
04-07-2024 17:10:04.822, -9.2048, -3.2, -1.079997, -0.93, 0
04-07-2024 17:10:04.838, -9.2048, -3.2, -1.119997, -0.93, 0
04-07-2024 17:10:04.856, -9.2048, -3.2, -1.159997, -0.93, 0
04-07-2024 17:10:04.880, -9.2048, -3.2, -1.199997, -0.93, 0
04-07-2024 17:10:04.897, -9.2048, -3.2, -1.239997, -0.93, 0
04-07-2024 17:10:04.922, -9.2048, -3.2, -1.279997, -0.93, 0
04-07-2024 17:10:04.938, -9.2048, -3.2, -1.319997, -0.93, 0
04-07-2024 17:10:04.965, -9.2048, -3.2, -1.359997, -0.93, 0
04-07-2024 17:10:04.982, -9.2048, -3.2, -1.399997, -0.93, 0
04-07-2024 17:10:04.997, -9.2048, -3.2, -1.439997, -0.93, 0
04-07-2024 17:10:05.024, -9.2048, -3.2, -1.479997, -0.93, 0
04-07-2024 17:10:05.039, -9.2048, -3.2, -1.519997, -0.93, 0
04-07-2024 17:10:05.064, -9.2048, -3.2, -1.559997, -0.93, 0
04-07-2024 17:10:05.081, -9.2048, -3.2, -1.599997, -0.93, 0
04-07-2024 17:10:05.098, -9.2048, -3.2, -1.639997, -0.93, 0
04-07-2024 17:10:05.122, -9.2048, -3.2, -1.679997, -0.93, 0
04-07-2024 17:10:05.139, -9.2048, -3.2, -1.719997, -0.93, 0
04-07-2024 17:10:05.163, -9.2048, -3.2, -1.759997, -0.93, 0
04-07-2024 17:10:05.181, -9.2048, -3.2, -1.799997, -0.93, 0
04-07-2024 17:10:05.197, -9.2048, -3.2, -1.839997, -0.93, 0
04-07-2024 17:10:05.231, -9.2048, -3.2, -1.879997, -0.93, 0
04-07-2024 17:10:05.238, -9.2048, -3.2, -1.919997, -0.93, 0
04-07-2024 17:10:05.260, -9.2048, -3.2, -1.959997, -0.93, 0
04-07-2024 17:10:05.276, -9.2048, -3.2, -1.999997, -0.93, 0
04-07-2024 17:10:05.302, -9.2048, -3.2, -2.039997, -0.93, 0
04-07-2024 17:10:05.318, -9.2048, -3.2, -2.079997, -0.93, 0
04-07-2024 17:10:05.342, -9.2048, -3.2, -2.119997, -0.93, 0
04-07-2024 17:10:05.359, -9.2048, -3.2, -2.159997, -0.93, 0
04-07-2024 17:10:05.375, -9.2048, -3.2, -2.199996, -0.93, 0
04-07-2024 17:10:05.401, -9.2048, -3.2, -2.239996, -0.93, 0
04-07-2024 17:10:05.418, -9.2048, -3.2, -2.279996, -0.93, 0
04-07-2024 17:10:05.443, -9.2048, -3.2, -2.319996, -0.93, 0
04-07-2024 17:10:05.459, -9.2048, -3.2, -2.359996, -0.93, 0
04-07-2024 17:10:05.478, -9.2048, -3.2, -2.399996, -0.93, 0
04-07-2024 17:10:05.503, -9.2048, -3.2, -2.439996, -0.93, 0
04-07-2024 17:10:05.517, -9.2048, -3.2, -2.479996, -0.93, 0
04-07-2024 17:10:05.542, -9.2048, -3.2, -2.519996, -0.93, 0
04-07-2024 17:10:05.558, -9.2048, -3.2, -2.559996, -0.93, 0
04-07-2024 17:10:05.577, -9.2048, -3.2, -2.599996, -0.93, 0
04-07-2024 17:10:05.602, -9.2048, -3.2, -2.639996, -0.93, 0
04-07-2024 17:10:05.617, -9.2048, -3.2, -2.679996, -0.93, 0
04-07-2024 17:10:05.642, -9.2048, -3.2, -2.719996, -0.93, 0
04-07-2024 17:10:05.659, -9.2048, -3.2, -2.759996, -0.93, 0
04-07-2024 17:10:05.675, -9.2048, -3.2, -2.799996, -0.93, 0
04-07-2024 17:10:05.701, -9.2048, -3.2, -2.839996, -0.93, 0
04-07-2024 17:10:05.718, -9.2048, -3.2, -2.879996, -0.93, 0
04-07-2024 17:10:05.743, -9.2048, -3.2, -2.919996, -0.93, 0
04-07-2024 17:10:05.759, -9.2048, -3.2, -2.959996, -0.93, 0
04-07-2024 17:10:05.784, -9.2048, -3.2, -2.999996, -0.93, 0
04-07-2024 17:10:05.796, -9.2048, -3.2, -3.039996, -0.93, 0
04-07-2024 17:10:05.821, -9.2048, -3.2, -3.079996, -0.93, 0
04-07-2024 17:10:05.837, -9.2048, -3.2, -3.119996, -0.93, 0
04-07-2024 17:10:05.855, -9.2048, -3.2, -3.159996, -0.93, 0
04-07-2024 17:10:05.879, -9.2048, -3.2, -3.199996, -0.93, 0
04-07-2024 17:10:05.896, -9.2048, -3.2, -3.239995, -0.93, 0
04-07-2024 17:10:05.923, -9.2048, -3.2, -3.279995, -0.93, 0
04-07-2024 17:10:05.938, -9.2048, -3.2, -3.319995, -0.93, 0
04-07-2024 17:10:05.962, -9.2048, -3.2, -3.359995, -0.93, 0
04-07-2024 17:10:05.980, -9.2048, -3.2, -3.399995, -0.93, 0
04-07-2024 17:10:05.996, -9.2048, -3.2, -3.439995, -0.93, 0
04-07-2024 17:10:06.021, -9.2048, -3.2, -3.479995, -0.93, 0
04-07-2024 17:10:06.038, -9.2048, -3.2, -3.519995, -0.93, 0
04-07-2024 17:10:06.064, -9.2048, -3.2, -3.559995, -0.93, 0
04-07-2024 17:10:06.078, -9.2048, -3.2, -3.599995, -0.93, 0
04-07-2024 17:10:06.104, -9.2048, -3.2, -3.639995, -0.93, 0
04-07-2024 17:10:06.122, -9.2048, -3.2, -3.679995, -0.93, 0
04-07-2024 17:10:06.138, -9.2048, -3.2, -3.719995, -0.93, 0
04-07-2024 17:10:06.163, -9.2048, -3.2, -3.759995, -0.93, 0
04-07-2024 17:10:06.179, -9.2048, -3.2, -3.799995, -0.93, 0
04-07-2024 17:10:06.197, -9.2048, -3.2, -3.839995, -0.93, 0
04-07-2024 17:10:06.221, -9.2048, -3.2, -3.879995, -0.93, 0
04-07-2024 17:10:06.239, -9.2048, -3.2, -3.919995, -0.93, 0
04-07-2024 17:10:06.263, -9.2048, -3.2, -3.959995, -0.93, 0
04-07-2024 17:10:06.281, -9.2048, -3.2, -3.999995, -0.93, 0
04-07-2024 17:10:06.296, -9.2048, -3.2, -4.039995, -0.93, 0
04-07-2024 17:10:06.321, -9.2048, -3.2, -4.079995, -0.93, 0
04-07-2024 17:10:06.337, -9.2048, -3.2, -4.119995, -0.93, 0
04-07-2024 17:10:06.362, -9.2048, -3.2, -4.159995, -0.93, 0
04-07-2024 17:10:06.379, -9.2048, -3.2, -4.199995, -0.93, 0
04-07-2024 17:10:06.395, -9.2048, -3.2, -4.239995, -0.93, 0
04-07-2024 17:10:06.419, -9.2048, -3.2, -4.279994, -0.93, 0
04-07-2024 17:10:06.437, -9.2048, -3.2, -4.319994, -0.93, 0
04-07-2024 17:10:06.463, -9.2048, -3.2, -4.359994, -0.93, 0
04-07-2024 17:10:06.479, -9.2048, -3.2, -4.399994, -0.93, 0
04-07-2024 17:10:06.496, -9.2048, -3.2, -4.439994, -0.93, 0
04-07-2024 17:10:06.521, -9.2048, -3.2, -4.479994, -0.93, 0
04-07-2024 17:10:06.537, -9.2048, -3.2, -4.519994, -0.93, 0
04-07-2024 17:10:06.563, -9.2048, -3.2, -4.559994, -0.93, 0
04-07-2024 17:10:06.579, -9.2048, -3.2, -4.599994, -0.93, 0
04-07-2024 17:10:06.595, -9.2048, -3.2, -4.639994, -0.93, 0
04-07-2024 17:10:06.621, -9.2048, -3.2, -4.679994, -0.93, 0
04-07-2024 17:10:06.637, -9.2048, -3.2, -4.719994, -0.93, 0
04-07-2024 17:10:06.663, -9.2048, -3.2, -4.759994, -0.93, 0
04-07-2024 17:10:06.678, -9.2048, -3.2, -4.799994, -0.93, 0
04-07-2024 17:10:06.699, -9.2048, -3.2, -4.839994, -0.93, 0
04-07-2024 17:10:06.718, -9.2048, -3.2, -4.879994, -0.93, 0
04-07-2024 17:10:06.742, -9.2048, -3.2, -4.919994, -0.93, 0
04-07-2024 17:10:06.758, -9.2048, -3.2, -4.959994, -0.93, 0
04-07-2024 17:10:06.782, -9.2048, -3.2, -4.999994, -0.93, 0
04-07-2024 17:10:06.801, -9.2048, -3.2, -5.039994, -0.93, 0
04-07-2024 17:10:06.817, -9.2048, -3.2, -5.079994, -0.93, 0
04-07-2024 17:10:06.842, -9.2048, -3.2, -5.119994, -0.93, 0
04-07-2024 17:10:06.859, -9.2048, -3.2, -5.159994, -0.93, 0
04-07-2024 17:10:06.883, -9.2048, -3.2, -5.199994, -0.93, 0
04-07-2024 17:10:06.898, -9.2048, -3.2, -5.239994, -0.93, 0
04-07-2024 17:10:06.924, -9.2048, -3.2, -5.279994, -0.93, 0
04-07-2024 17:10:06.941, -9.2048, -3.2, -5.319993, -0.93, 0
04-07-2024 17:10:06.958, -9.2048, -3.2, -5.359993, -0.93, 0
04-07-2024 17:10:06.984, -9.2048, -3.2, -5.399993, -0.93, 0
04-07-2024 17:10:06.999, -9.2048, -3.2, -5.439993, -0.93, 0
04-07-2024 17:10:07.016, -9.2048, -3.2, -5.479993, -0.93, 0
04-07-2024 17:10:07.042, -9.2048, -3.2, -5.519993, -0.93, 0
04-07-2024 17:10:07.058, -9.2048, -3.2, -5.559993, -0.93, 0
04-07-2024 17:10:07.084, -9.2048, -3.2, -5.599993, -0.93, 0
04-07-2024 17:10:07.099, -9.2048, -3.2, -5.639993, -0.93, 0
04-07-2024 17:10:07.116, -9.2048, -3.2, -5.679993, -0.93, 0
04-07-2024 17:10:07.141, -9.2048, -3.2, -5.719993, -0.93, 0
04-07-2024 17:10:07.158, -9.2048, -3.2, -5.759993, -0.93, 0
04-07-2024 17:10:07.183, -9.2048, -3.2, -5.799993, -0.93, 0
04-07-2024 17:10:07.201, -9.2048, -3.2, -5.839993, -0.93, 0
04-07-2024 17:10:07.216, -9.2048, -3.2, -5.879993, -0.93, 0
04-07-2024 17:10:07.241, -9.2048, -3.2, -5.919993, -0.93, 0
04-07-2024 17:10:07.260, -9.2048, -3.2, -5.959993, -0.93, 0
04-07-2024 17:10:07.283, -9.2048, -3.2, -5.999993, -0.93, 0
04-07-2024 17:10:07.300, -9.2048, -3.2, -6.039993, -0.93, 0
04-07-2024 17:10:07.316, -9.2048, -3.2, -6.079993, -0.93, 0
04-07-2024 17:10:07.340, -9.2048, -3.2, -6.119993, -0.93, 0
04-07-2024 17:10:07.358, -9.2048, -3.2, -6.159993, -0.93, 0
04-07-2024 17:10:07.382, -9.2048, -3.2, -6.199993, -0.93, 0
04-07-2024 17:10:07.399, -9.2048, -3.2, -6.239993, -0.93, 0
04-07-2024 17:10:07.423, -9.2048, -3.2, -6.279993, -0.93, 0
04-07-2024 17:10:07.442, -9.2048, -3.2, -6.319993, -0.93, 0
04-07-2024 17:10:07.456, -9.2048, -3.2, -6.359993, -0.93, 0
04-07-2024 17:10:07.491, -9.2048, -3.2, -6.399992, -0.93, 0
04-07-2024 17:10:07.498, -9.2048, -3.2, -6.439992, -0.93, 0
04-07-2024 17:10:07.520, -9.2048, -3.2, -6.479992, -0.93, 0
04-07-2024 17:10:07.537, -9.2048, -3.2, -6.519992, -0.93, 0
04-07-2024 17:10:07.562, -9.2048, -3.2, -6.559992, -0.93, 0
04-07-2024 17:10:07.577, -9.2048, -3.2, -6.599992, -0.93, 0
04-07-2024 17:10:07.603, -9.2048, -3.2, -6.639992, -0.93, 0
04-07-2024 17:10:07.620, -9.2048, -3.2, -6.679992, -0.93, 0
04-07-2024 17:10:07.636, -9.2048, -3.2, -6.719992, -0.93, 0
04-07-2024 17:10:07.661, -9.2048, -3.2, -6.759992, -0.93, 0
04-07-2024 17:10:07.677, -9.2048, -3.2, -6.799992, -0.93, 0
04-07-2024 17:10:07.703, -9.2048, -3.2, -6.839992, -0.93, 0
04-07-2024 17:10:07.719, -9.2048, -3.2, -6.879992, -0.93, 0
04-07-2024 17:10:07.736, -9.2048, -3.2, -6.919992, -0.93, 0
04-07-2024 17:10:07.761, -9.2048, -3.2, -6.959992, -0.93, 0
04-07-2024 17:10:07.777, -9.2048, -3.2, -6.999992, -0.93, 0
04-07-2024 17:10:07.803, -9.2048, -3.2, -7.039992, -0.93, 0
04-07-2024 17:10:07.820, -9.2048, -3.2, -7.079992, -0.93, 0
04-07-2024 17:10:07.836, -9.2048, -3.2, -7.119992, -0.93, 0
04-07-2024 17:10:07.863, -9.2048, -3.2, -7.159992, -0.93, 0
04-07-2024 17:10:07.878, -9.2048, -3.2, -7.199992, -0.93, 0
04-07-2024 17:10:07.903, -9.2048, -3.2, -7.239992, -0.93, 0
04-07-2024 17:10:07.921, -9.2048, -3.2, -7.279992, -0.93, 0
04-07-2024 17:10:07.936, -9.2048, -3.2, -7.319992, -0.93, 0
04-07-2024 17:10:07.961, -9.2048, -3.2, -7.359992, -0.93, 0
04-07-2024 17:10:07.978, -9.2048, -3.2, -7.399992, -0.93, 0
04-07-2024 17:10:08.002, -9.2048, -3.2, -7.439991, -0.93, 0
04-07-2024 17:10:08.021, -9.2048, -3.2, -7.479991, -0.93, 0
04-07-2024 17:10:08.035, -9.2048, -3.2, -7.519991, -0.93, 0
04-07-2024 17:10:08.061, -9.2048, -3.2, -7.559991, -0.93, 0
04-07-2024 17:10:08.076, -9.2048, -3.2, -7.599991, -0.93, 0
04-07-2024 17:10:08.103, -9.2048, -3.2, -7.639991, -0.93, 0
04-07-2024 17:10:08.121, -9.2048, -3.2, -7.679991, -0.93, 0
04-07-2024 17:10:08.137, -9.2048, -3.2, -7.719991, -0.93, 0
04-07-2024 17:10:08.161, -9.2048, -3.2, -7.759991, -0.93, 0
04-07-2024 17:10:08.178, -9.2048, -3.2, -7.799991, -0.93, 0
04-07-2024 17:10:08.203, -9.2048, -3.2, -7.839991, -0.93, 0
04-07-2024 17:10:08.220, -9.2048, -3.2, -7.879991, -0.93, 0
04-07-2024 17:10:08.235, -9.2048, -3.2, -7.919991, -0.93, 0
04-07-2024 17:10:08.262, -9.2048, -3.2, -7.959991, -0.93, 0
04-07-2024 17:10:08.277, -9.2048, -3.2, -7.999991, -0.93, 0
04-07-2024 17:10:08.303, -9.2048, -3.2, -8.039991, -0.93, 0
04-07-2024 17:10:08.320, -9.2048, -3.2, -8.079991, -0.93, 0
04-07-2024 17:10:08.335, -9.2048, -3.2, -8.119991, -0.93, 0
04-07-2024 17:10:08.361, -9.2048, -3.2, -8.159991, -0.93, 0
04-07-2024 17:10:08.377, -9.2048, -3.2, -8.199991, -0.93, 0
04-07-2024 17:10:08.402, -9.2048, -3.2, -8.239991, -0.93, 0
04-07-2024 17:10:08.420, -9.2048, -3.2, -8.279991, -0.93, 0
04-07-2024 17:10:08.436, -9.2048, -3.2, -8.319991, -0.93, 0
04-07-2024 17:10:08.462, -9.2048, -3.2, -8.359991, -0.93, 0
04-07-2024 17:10:08.478, -9.2048, -3.2, -8.399991, -0.93, 0
04-07-2024 17:10:08.504, -9.2048, -3.2, -8.439991, -0.93, 0
04-07-2024 17:10:08.520, -9.2048, -3.2, -8.479991, -0.93, 0
04-07-2024 17:10:08.537, -9.2048, -3.2, -8.519991, -0.93, 0
04-07-2024 17:10:08.561, -9.2048, -3.2, -8.559991, -0.93, 0
04-07-2024 17:10:08.578, -9.2048, -3.2, -8.599991, -0.93, 0
04-07-2024 17:10:08.603, -9.2048, -3.2, -8.639991, -0.93, 0
04-07-2024 17:10:08.619, -9.2048, -3.2, -8.679991, -0.93, 0
04-07-2024 17:10:08.636, -9.2048, -3.2, -8.719991, -0.93, 0
04-07-2024 17:10:08.662, -9.2048, -3.2, -8.759991, -0.93, 0
04-07-2024 17:10:08.688, -9.2048, -3.2, -8.799991, -0.93, 0
04-07-2024 17:10:08.697, -9.2048, -3.2, -8.839991, -0.93, 0
04-07-2024 17:10:08.718, -9.2048, -3.2, -8.879991, -0.93, 0
04-07-2024 17:10:08.739, -9.2048, -3.2, -8.919991, -0.93, 0
04-07-2024 17:10:08.767, -9.2048, -3.2, -8.959991, -0.93, 0
04-07-2024 17:10:08.786, -9.2048, -3.2, -8.99999, -0.93, 0
04-07-2024 17:10:08.800, -9.2048, -3.2, -9.03999, -0.93, 0
04-07-2024 17:10:08.819, -9.2048, -3.2, -9.07999, -0.93, 0
04-07-2024 17:10:08.842, -9.2048, -3.2, -9.11999, -0.93, 0
04-07-2024 17:10:08.859, -9.2048, -3.2, -9.15999, -0.93, 0
04-07-2024 17:10:08.877, -9.2048, -3.2, -9.19999, -0.93, 0
04-07-2024 17:10:08.900, -9.2048, -3.2, -9.23999, -0.93, 0
04-07-2024 17:10:08.916, -9.2048, -3.2, -9.27999, -0.93, 0
04-07-2024 17:10:08.941, -9.2048, -3.2, -9.31999, -0.93, 0
04-07-2024 17:10:08.960, -9.2048, -3.2, -9.35999, -0.93, 0
04-07-2024 17:10:08.983, -9.2048, -3.2, -9.39999, -0.93, 0
04-07-2024 17:10:08.998, -9.2048, -3.2, -9.43999, -0.93, 0
04-07-2024 17:10:09.025, -9.2048, -3.2, -9.47999, -0.93, 0
04-07-2024 17:10:09.039, -9.2048, -3.2, -9.51999, -0.93, 0
04-07-2024 17:10:09.060, -9.2048, -3.2, -9.55999, -0.93, 0
04-07-2024 17:10:09.082, -9.2048, -3.2, -9.59999, -0.93, 0
04-07-2024 17:10:09.099, -9.2048, -3.2, -9.63999, -0.93, 0
04-07-2024 17:10:09.117, -9.2048, -3.2, -9.67999, -0.93, 0
04-07-2024 17:10:09.142, -9.2048, -3.2, -9.71999, -0.93, 0
04-07-2024 17:10:09.158, -9.2048, -3.2, -9.75999, -0.93, 0
04-07-2024 17:10:09.182, -9.2048, -3.2, -9.79999, -0.93, 0
04-07-2024 17:10:09.199, -9.2048, -3.2, -9.83999, -0.93, 0
04-07-2024 17:10:09.217, -9.2048, -3.2, -9.87999, -0.93, 0
04-07-2024 17:10:09.241, -9.2048, -3.2, -9.91999, -0.93, 0
04-07-2024 17:10:09.258, -9.2048, -3.2, -9.95999, -0.93, 0
04-07-2024 17:10:09.284, -9.2048, -3.2, -9.99999, -0.93, 0
04-07-2024 17:10:09.299, -9.2048, -3.2, -10.03999, -0.93, 0
04-07-2024 17:10:09.316, -9.2048, -3.2, -10.07999, -0.93, 0
04-07-2024 17:10:09.343, -9.2048, -3.2, -10.11999, -0.93, 0
04-07-2024 17:10:09.359, -9.2048, -3.2, -10.15999, -0.93, 0
04-07-2024 17:10:09.377, -9.2048, -3.2, -10.19999, -0.93, 0
04-07-2024 17:10:09.401, -9.2048, -3.2, -10.23999, -0.93, 0
04-07-2024 17:10:09.417, -9.2048, -3.2, -10.27999, -0.93, 0
04-07-2024 17:10:09.443, -9.2048, -3.2, -10.31999, -0.93, 0
04-07-2024 17:10:09.460, -9.2048, -3.2, -10.35999, -0.93, 0
04-07-2024 17:10:09.485, -9.2048, -3.2, -10.39999, -0.93, 0
04-07-2024 17:10:09.503, -9.2048, -3.2, -10.43999, -0.93, 0
04-07-2024 17:10:09.518, -9.2048, -3.2, -10.47999, -0.93, 0
04-07-2024 17:10:09.543, -9.2048, -3.2, -10.51999, -0.93, 0
04-07-2024 17:10:09.560, -9.2048, -3.2, -10.55999, -0.93, 0
04-07-2024 17:10:09.578, -9.2048, -3.2, -10.59999, -0.93, 0
04-07-2024 17:10:09.610, -9.2048, -3.2, -10.63999, -0.93, 0
04-07-2024 17:10:09.619, -9.2048, -3.2, -10.67999, -0.93, 0
04-07-2024 17:10:09.643, -9.2048, -3.2, -10.71999, -0.93, 0
04-07-2024 17:10:09.660, -9.2048, -3.2, -10.75999, -0.93, 0
04-07-2024 17:10:09.677, -9.2048, -3.2, -10.79999, -0.93, 0
04-07-2024 17:10:09.702, -9.2048, -3.2, -10.83999, -0.93, 0
04-07-2024 17:10:09.719, -9.2048, -3.2, -10.87999, -0.93, 0
04-07-2024 17:10:09.742, -9.2048, -3.2, -10.91999, -0.93, 0
04-07-2024 17:10:09.760, -9.2048, -3.2, -10.95999, -0.93, 0
04-07-2024 17:10:09.778, -9.2048, -3.2, -10.99999, -0.93, 0
04-07-2024 17:10:09.801, -9.2048, -3.2, -11.03999, -0.93, 0
04-07-2024 17:10:09.828, -9.2048, -3.2, -11.07999, -0.93, 0
04-07-2024 17:10:09.837, -9.2048, -3.2, -11.11999, -0.93, 0
04-07-2024 17:10:09.858, -9.2048, -3.2, -11.15999, -0.93, 0
04-07-2024 17:10:09.877, -9.2048, -3.2, -11.19999, -0.93, 0
04-07-2024 17:10:09.900, -9.2048, -3.2, -11.23999, -0.93, 0
04-07-2024 17:10:09.916, -9.2048, -3.2, -11.27999, -0.93, 0
04-07-2024 17:10:09.941, -9.2048, -3.2, -11.31999, -0.93, 0
04-07-2024 17:10:09.960, -9.2048, -3.2, -11.35999, -0.93, 0
04-07-2024 17:10:09.975, -9.2048, -3.2, -11.39999, -0.93, 0
04-07-2024 17:10:10.001, -9.2048, -3.2, -11.43999, -0.93, 0
04-07-2024 17:10:10.017, -9.2048, -3.2, -11.47999, -0.93, 0
04-07-2024 17:10:10.043, -9.2048, -3.2, -11.51999, -0.93, 0
04-07-2024 17:10:10.058, -9.2048, -3.2, -11.55999, -0.93, 0
04-07-2024 17:10:10.085, -9.2048, -3.2, -11.59999, -0.93, 0
04-07-2024 17:10:10.102, -9.2048, -3.2, -11.63999, -0.93, 0
04-07-2024 17:10:10.118, -9.2048, -3.2, -11.67999, -0.93, 0
04-07-2024 17:10:10.143, -9.2048, -3.2, -11.71999, -0.93, 0
04-07-2024 17:10:10.158, -9.2048, -3.2, -11.75999, -0.93, 0
04-07-2024 17:10:10.183, -9.2048, -3.2, -11.79999, -0.93, 0
04-07-2024 17:10:10.200, -9.2048, -3.2, -11.83999, -0.93, 0
04-07-2024 17:10:10.217, -9.2048, -3.2, -11.87999, -0.93, 0
04-07-2024 17:10:10.242, -9.2048, -3.2, -11.91999, -0.93, 0
04-07-2024 17:10:10.259, -9.2048, -3.2, -11.95999, -0.93, 0
04-07-2024 17:10:10.283, -9.2048, -3.2, -11.99999, -0.93, 0
04-07-2024 17:10:10.301, -9.2048, -3.2, -12.03999, -0.93, 0
04-07-2024 17:10:10.317, -9.2048, -3.2, -12.07999, -0.93, 0
04-07-2024 17:10:10.340, -9.2048, -3.2, -12.11999, -0.93, 0
04-07-2024 17:10:10.359, -9.2048, -3.2, -12.15999, -0.93, 0
04-07-2024 17:10:10.394, -9.2048, -3.2, -12.19999, -0.93, 0
04-07-2024 17:10:10.403, -9.2048, -3.2, -12.23999, -0.93, 0
04-07-2024 17:10:10.417, -9.2048, -3.2, -12.27999, -0.93, 0
04-07-2024 17:10:10.441, -9.2048, -3.2, -12.31999, -0.93, 0
04-07-2024 17:10:10.456, -9.2048, -3.2, -12.35999, -0.93, 0
04-07-2024 17:10:10.483, -9.2048, -3.2, -12.39999, -0.93, 0
04-07-2024 17:10:10.501, -9.2048, -3.2, -12.43999, -0.93, 0
04-07-2024 17:10:10.518, -9.2048, -3.2, -12.47999, -0.93, 0
04-07-2024 17:10:10.541, -9.2048, -3.2, -12.51999, -0.93, 0
04-07-2024 17:10:10.557, -9.2048, -3.2, -12.55999, -0.93, 0
04-07-2024 17:10:10.582, -9.2048, -3.2, -12.59999, -0.93, 0
04-07-2024 17:10:10.599, -9.2048, -3.2, -12.63999, -0.93, 0
04-07-2024 17:10:10.624, -9.2048, -3.2, -12.67999, -0.93, 0
04-07-2024 17:10:10.639, -9.2048, -3.2, -12.71999, -0.93, 0
04-07-2024 17:10:10.658, -9.2048, -3.2, -12.75999, -0.93, 0
04-07-2024 17:10:10.681, -9.2048, -3.2, -12.79999, -0.93, 0
04-07-2024 17:10:10.697, -9.2048, -3.2, -12.83999, -0.93, 0
04-07-2024 17:10:10.722, -9.2048, -3.2, -12.87999, -0.93, 0
04-07-2024 17:10:10.740, -9.2048, -3.2, -12.91999, -0.93, 0
04-07-2024 17:10:10.756, -9.2048, -3.2, -12.95999, -0.93, 0
04-07-2024 17:10:10.781, -9.2048, -3.2, -12.99999, -0.93, 0
04-07-2024 17:10:10.797, -9.2048, -3.2, -13.03999, -0.93, 0
04-07-2024 17:10:10.822, -9.2048, -3.2, -13.07999, -0.93, 0
04-07-2024 17:10:10.839, -9.2048, -3.2, -13.11999, -0.93, 0
04-07-2024 17:10:10.857, -9.2048, -3.2, -13.15999, -0.93, 0
04-07-2024 17:10:10.878, -9.2048, -3.2, -13.19999, -0.93, 0
04-07-2024 17:10:10.899, -9.2048, -3.2, -13.23999, -0.93, 0
04-07-2024 17:10:10.924, -9.2048, -3.2, -13.27999, -0.93, 0
04-07-2024 17:10:10.941, -9.2048, -3.2, -13.31999, -0.93, 0
04-07-2024 17:10:10.957, -9.2048, -3.2, -13.35999, -0.93, 0
04-07-2024 17:10:10.981, -9.2048, -3.2, -13.39999, -0.93, 0
04-07-2024 17:10:10.998, -9.2048, -3.2, -13.43999, -0.93, 0
04-07-2024 17:10:11.025, -9.2048, -3.2, -13.47999, -0.93, 0
04-07-2024 17:10:11.042, -9.2048, -3.2, -13.51999, -0.93, 0
04-07-2024 17:10:11.057, -9.2048, -3.2, -13.55999, -0.93, 0
04-07-2024 17:10:11.085, -9.2048, -3.2, -13.59999, -0.93, 0
