Time,Encoder1,Encoder2
04-07-2024 17:05:39.701,0,0
04-07-2024 17:05:39.735,0,0
04-07-2024 17:05:39.758,0,0
04-07-2024 17:05:39.763,0,0
04-07-2024 17:05:39.766,0,0
04-07-2024 17:05:39.773,0,0
04-07-2024 17:05:39.781,0,0
04-07-2024 17:05:39.791,0,0
04-07-2024 17:05:39.798,0,0
04-07-2024 17:05:39.806,0,0
04-07-2024 17:05:39.815,0,0
04-07-2024 17:05:39.823,0,0
04-07-2024 17:05:39.831,0,0
04-07-2024 17:05:39.839,0,0
04-07-2024 17:05:39.848,0,0
04-07-2024 17:05:39.857,0,0
04-07-2024 17:05:39.864,0,0
04-07-2024 17:05:39.874,0,0
04-07-2024 17:05:39.881,0,0
04-07-2024 17:05:39.891,0,0
04-07-2024 17:05:39.898,0,0
04-07-2024 17:05:39.907,0,0
04-07-2024 17:05:39.915,0,0
04-07-2024 17:05:39.922,0,0
04-07-2024 17:05:39.932,0,0
04-07-2024 17:05:39.939,0,0
04-07-2024 17:05:39.957,0,0
04-07-2024 17:05:39.965,0,0
04-07-2024 17:05:39.974,0,0
04-07-2024 17:05:39.981,0,0
04-07-2024 17:05:39.990,0,0
04-07-2024 17:05:39.998,0,0
04-07-2024 17:05:40.006,0,0
04-07-2024 17:05:40.016,0,0
04-07-2024 17:05:40.023,0,0
04-07-2024 17:05:40.032,0,0
04-07-2024 17:05:40.039,0,0
04-07-2024 17:05:40.048,0,0
04-07-2024 17:05:40.057,0,0
04-07-2024 17:05:40.065,0,0
04-07-2024 17:05:40.074,0,0
04-07-2024 17:05:40.081,0,0
04-07-2024 17:05:40.090,0,0
04-07-2024 17:05:40.098,0,0
04-07-2024 17:05:40.106,0,0
04-07-2024 17:05:40.116,0,0
04-07-2024 17:05:40.124,0,0
04-07-2024 17:05:40.133,0,0
04-07-2024 17:05:40.139,0,0
04-07-2024 17:05:40.148,0,0
04-07-2024 17:05:40.157,0,0
04-07-2024 17:05:40.165,0,0
04-07-2024 17:05:40.173,0,0
04-07-2024 17:05:40.183,0,0
04-07-2024 17:05:40.191,0,0
04-07-2024 17:05:40.197,0,0
04-07-2024 17:05:40.206,0,0
04-07-2024 17:05:40.215,0,0
04-07-2024 17:05:40.223,0,0
04-07-2024 17:05:40.232,0,0
04-07-2024 17:05:40.240,0,0
04-07-2024 17:05:40.248,0,0
04-07-2024 17:05:40.258,0,0
04-07-2024 17:05:40.264,0,0
04-07-2024 17:05:40.276,0,0
04-07-2024 17:05:40.281,0,0
04-07-2024 17:05:40.291,0,0
04-07-2024 17:05:40.298,0,0
04-07-2024 17:05:40.307,0,0
04-07-2024 17:05:40.316,0,0
04-07-2024 17:05:40.324,0,0
04-07-2024 17:05:40.333,0,0
04-07-2024 17:05:40.342,0,0
04-07-2024 17:05:40.348,0,0
04-07-2024 17:05:40.358,0,0
04-07-2024 17:05:40.365,0,0
04-07-2024 17:05:40.374,0,0
04-07-2024 17:05:40.382,0,0
04-07-2024 17:05:40.391,0,0
04-07-2024 17:05:40.401,0,0
04-07-2024 17:05:40.407,0,0
04-07-2024 17:05:40.416,0,0
04-07-2024 17:05:40.424,0,0
04-07-2024 17:05:40.432,0,0
04-07-2024 17:05:40.439,0,0
04-07-2024 17:05:40.449,0,0
04-07-2024 17:05:40.456,0,0
04-07-2024 17:05:40.465,0,0
04-07-2024 17:05:40.475,0,0
04-07-2024 17:05:40.482,0,0
04-07-2024 17:05:40.491,0,0
04-07-2024 17:05:40.499,0,0
04-07-2024 17:05:40.508,0,0
04-07-2024 17:05:40.517,0,0
04-07-2024 17:05:40.524,0,0
04-07-2024 17:05:40.534,0,0
04-07-2024 17:05:40.540,0,0
04-07-2024 17:05:40.550,0,0
04-07-2024 17:05:40.557,0,0
04-07-2024 17:05:40.565,0,0
04-07-2024 17:05:40.574,0,0
04-07-2024 17:05:40.582,0,0
04-07-2024 17:05:40.592,0,0
04-07-2024 17:05:40.599,0,0
04-07-2024 17:05:40.607,0,0
04-07-2024 17:05:40.617,0,0
04-07-2024 17:05:40.623,0,0
04-07-2024 17:05:40.633,0,0
04-07-2024 17:05:40.641,0,0
04-07-2024 17:05:40.651,0,0
04-07-2024 17:05:40.659,0,0
04-07-2024 17:05:40.667,0,0
04-07-2024 17:05:40.676,0,0
04-07-2024 17:05:40.683,0,0
04-07-2024 17:05:40.692,0,0
04-07-2024 17:05:40.699,0,0
04-07-2024 17:05:40.708,0,0
04-07-2024 17:05:40.717,0,0
04-07-2024 17:05:40.725,0,0
04-07-2024 17:05:40.735,0,0
04-07-2024 17:05:40.742,0,0
04-07-2024 17:05:40.750,0,0
04-07-2024 17:05:40.758,0,0
04-07-2024 17:05:40.766,0,0
04-07-2024 17:05:40.776,0,0
04-07-2024 17:05:40.784,0,0
04-07-2024 17:05:40.793,0,0
04-07-2024 17:05:40.799,0,0
04-07-2024 17:05:40.810,0,0
04-07-2024 17:05:40.817,0,0
04-07-2024 17:05:40.825,0,0
04-07-2024 17:05:40.834,0,0
04-07-2024 17:05:40.842,0,0
04-07-2024 17:05:40.851,0,0
04-07-2024 17:05:40.858,0,0
04-07-2024 17:05:40.867,0,0
04-07-2024 17:05:40.876,0,0
04-07-2024 17:05:40.883,0,0
04-07-2024 17:05:40.893,0,0
04-07-2024 17:05:40.901,0,0
04-07-2024 17:05:40.910,0,0
04-07-2024 17:05:40.917,0,0
04-07-2024 17:05:40.925,0,0
04-07-2024 17:05:40.934,0,0
04-07-2024 17:05:40.941,0,0
04-07-2024 17:05:40.951,0,0
04-07-2024 17:05:40.958,0,0
04-07-2024 17:05:40.965,0,0
04-07-2024 17:05:40.976,0,0
04-07-2024 17:05:40.982,0,0
04-07-2024 17:05:40.993,0,0
04-07-2024 17:05:40.999,0,0
04-07-2024 17:05:41.007,0,0
04-07-2024 17:05:41.017,0,0
04-07-2024 17:05:41.024,0,0
04-07-2024 17:05:41.034,0,0
04-07-2024 17:05:41.040,0,0
04-07-2024 17:05:41.051,0,0
04-07-2024 17:05:41.057,0,0
04-07-2024 17:05:41.066,0,0
04-07-2024 17:05:41.076,0,0
04-07-2024 17:05:41.083,0,0
04-07-2024 17:05:41.092,0,0
04-07-2024 17:05:41.099,0,0
04-07-2024 17:05:41.108,0,0
04-07-2024 17:05:41.117,0,0
04-07-2024 17:05:41.124,0,0
04-07-2024 17:05:41.134,0,0
04-07-2024 17:05:41.141,0,0
04-07-2024 17:05:41.150,0,0
04-07-2024 17:05:41.158,0,0
04-07-2024 17:05:41.168,0,0
04-07-2024 17:05:41.175,0,0
04-07-2024 17:05:41.182,0,0
04-07-2024 17:05:41.192,0,0
04-07-2024 17:05:41.199,0,0
04-07-2024 17:05:41.208,0,0
04-07-2024 17:05:41.217,0,0
04-07-2024 17:05:41.224,0,0
04-07-2024 17:05:41.235,0,0
04-07-2024 17:05:41.241,0,0
04-07-2024 17:05:41.251,0,0
04-07-2024 17:05:41.258,0,0
04-07-2024 17:05:41.267,0,0
04-07-2024 17:05:41.276,0,0
04-07-2024 17:05:41.282,0,0
04-07-2024 17:05:41.292,0,0
04-07-2024 17:05:41.298,0,0
04-07-2024 17:05:41.308,0,0
04-07-2024 17:05:41.318,0,0
04-07-2024 17:05:41.325,0,0
04-07-2024 17:05:41.333,0,0
04-07-2024 17:05:41.341,0,0
04-07-2024 17:05:41.350,0,0
04-07-2024 17:05:41.357,0,0
04-07-2024 17:05:41.375,0,0
04-07-2024 17:05:41.382,0,0
04-07-2024 17:05:41.392,0,0
04-07-2024 17:05:41.399,0,0
04-07-2024 17:05:41.407,0,0
04-07-2024 17:05:41.418,0,0
04-07-2024 17:05:41.424,0,0
04-07-2024 17:05:41.433,0,0
04-07-2024 17:05:41.441,0,0
04-07-2024 17:05:41.451,0,0
04-07-2024 17:05:41.458,0,0
04-07-2024 17:05:41.466,0,0
04-07-2024 17:05:41.475,0,0
04-07-2024 17:05:41.482,0,0
04-07-2024 17:05:41.493,0,0
04-07-2024 17:05:41.499,0,0
04-07-2024 17:05:41.507,0,0
04-07-2024 17:05:41.518,0,0
04-07-2024 17:05:41.524,0,0
04-07-2024 17:05:41.534,0,0
04-07-2024 17:05:41.541,0,0
04-07-2024 17:05:41.567,0,0
04-07-2024 17:05:41.572,0,0
04-07-2024 17:05:41.577,0,0
04-07-2024 17:05:41.585,0,0
04-07-2024 17:05:41.593,0,0
04-07-2024 17:05:41.601,0,0
04-07-2024 17:05:41.609,0,0
04-07-2024 17:05:41.617,0,0
04-07-2024 17:05:41.625,0,0
04-07-2024 17:05:41.638,0,0
04-07-2024 17:05:41.642,0,0
04-07-2024 17:05:41.653,0,0
04-07-2024 17:05:41.660,0,0
04-07-2024 17:05:41.668,0,0
04-07-2024 17:05:41.678,0,0
04-07-2024 17:05:41.684,0,0
04-07-2024 17:05:41.694,0,0
04-07-2024 17:05:41.701,0,0
04-07-2024 17:05:41.711,0,0
04-07-2024 17:05:41.718,0,0
04-07-2024 17:05:41.726,0,0
04-07-2024 17:05:41.736,0,0
04-07-2024 17:05:41.744,0,0
04-07-2024 17:05:41.753,0,0
04-07-2024 17:05:41.760,0,0
04-07-2024 17:05:41.769,0,0
04-07-2024 17:05:41.778,0,0
04-07-2024 17:05:41.785,0,0
04-07-2024 17:05:41.794,0,0
04-07-2024 17:05:41.801,0,0
04-07-2024 17:05:41.811,0,0
04-07-2024 17:05:41.818,0,0
04-07-2024 17:05:41.827,0,0
04-07-2024 17:05:41.835,0,0
04-07-2024 17:05:41.842,0,0
04-07-2024 17:05:41.851,0,0
04-07-2024 17:05:41.859,0,0
04-07-2024 17:05:41.867,0,0
04-07-2024 17:05:41.884,0,0
04-07-2024 17:05:41.889,0,0
04-07-2024 17:05:41.894,0,0
04-07-2024 17:05:41.901,0,0
04-07-2024 17:05:41.910,0,0
04-07-2024 17:05:41.917,0,0
04-07-2024 17:05:41.926,0,0
04-07-2024 17:05:41.935,0,0
04-07-2024 17:05:41.942,0,0
04-07-2024 17:05:41.967,0,0
04-07-2024 17:05:41.974,0,0
04-07-2024 17:05:41.978,0,0
04-07-2024 17:05:41.996,0,0
04-07-2024 17:05:42.001,0,0
04-07-2024 17:05:42.010,0,0
04-07-2024 17:05:42.018,0,0
04-07-2024 17:05:42.027,0,0
04-07-2024 17:05:42.035,0,0
04-07-2024 17:05:42.043,0,0
04-07-2024 17:05:42.052,0,0
04-07-2024 17:05:42.060,0,0
04-07-2024 17:05:42.067,0,0
04-07-2024 17:05:42.078,0,0
04-07-2024 17:05:42.085,0,0
04-07-2024 17:05:42.095,0,0
04-07-2024 17:05:42.102,0,0
04-07-2024 17:05:42.111,0,0
04-07-2024 17:05:42.119,0,0
04-07-2024 17:05:42.127,0,0
04-07-2024 17:05:42.137,0,0
04-07-2024 17:05:42.143,0,0
04-07-2024 17:05:42.153,0,0
04-07-2024 17:05:42.160,0,0
04-07-2024 17:05:42.168,0,0
04-07-2024 17:05:42.177,0,0
04-07-2024 17:05:42.185,0,0
04-07-2024 17:05:42.203,0,0
04-07-2024 17:05:42.211,0,0
04-07-2024 17:05:42.219,0,0
04-07-2024 17:05:42.226,0,0
04-07-2024 17:05:42.235,0,0
04-07-2024 17:05:42.243,0,0
04-07-2024 17:05:42.253,0,0
04-07-2024 17:05:42.259,0,0
04-07-2024 17:05:42.268,0,0
04-07-2024 17:05:42.277,0,0
04-07-2024 17:05:42.285,0,0
04-07-2024 17:05:42.294,0,0
04-07-2024 17:05:42.301,0,0
04-07-2024 17:05:42.311,0,0
04-07-2024 17:05:42.318,0,0
04-07-2024 17:05:42.327,0,0
04-07-2024 17:05:42.336,0,0
04-07-2024 17:05:42.343,0,0
04-07-2024 17:05:42.352,0,0
04-07-2024 17:05:42.360,0,0
04-07-2024 17:05:42.368,0,0
04-07-2024 17:05:42.376,0,0
04-07-2024 17:05:42.384,0,0
04-07-2024 17:05:42.394,0,0
04-07-2024 17:05:42.412,0,0
04-07-2024 17:05:42.419,0,0
04-07-2024 17:05:42.427,0,0
04-07-2024 17:05:42.436,0,0
04-07-2024 17:05:42.443,0,0
04-07-2024 17:05:42.453,0,0
04-07-2024 17:05:42.461,0,0
04-07-2024 17:05:42.467,0,0
04-07-2024 17:05:42.478,0,0
04-07-2024 17:05:42.485,0,0
04-07-2024 17:05:42.494,0,0
04-07-2024 17:05:42.501,0,0
04-07-2024 17:05:42.511,0,0
04-07-2024 17:05:42.518,0,0
04-07-2024 17:05:42.526,0,0
04-07-2024 17:05:42.535,0,0
04-07-2024 17:05:42.543,0,0
04-07-2024 17:05:42.551,0,0
04-07-2024 17:05:42.560,0,0
04-07-2024 17:05:42.569,0,0
04-07-2024 17:05:42.578,0,0
04-07-2024 17:05:42.586,0,0
04-07-2024 17:05:42.595,0,0
04-07-2024 17:05:42.613,0,0
04-07-2024 17:05:42.619,0,0
04-07-2024 17:05:42.627,0,0
04-07-2024 17:05:42.637,0,0
04-07-2024 17:05:42.644,0,0
04-07-2024 17:05:42.652,0,0
04-07-2024 17:05:42.661,0,0
04-07-2024 17:05:42.670,0,0
04-07-2024 17:05:42.676,0,0
04-07-2024 17:05:42.684,0,0
04-07-2024 17:05:42.702,0,0
04-07-2024 17:05:42.706,0,0
04-07-2024 17:05:42.711,0,0
04-07-2024 17:05:42.718,0,0
04-07-2024 17:05:42.726,0,0
04-07-2024 17:05:42.736,0,0
04-07-2024 17:05:42.743,0,0
04-07-2024 17:05:42.753,0,0
04-07-2024 17:05:42.761,0,0
04-07-2024 17:05:42.770,0,0
04-07-2024 17:05:42.778,0,0
04-07-2024 17:05:42.785,0,0
04-07-2024 17:05:42.796,0,0
04-07-2024 17:05:42.811,0,0
04-07-2024 17:05:42.820,0,0
04-07-2024 17:05:42.828,0,0
04-07-2024 17:05:42.836,0,0
04-07-2024 17:05:42.843,0,0
04-07-2024 17:05:42.853,0,0
04-07-2024 17:05:42.860,0,0
04-07-2024 17:05:42.870,0,0
04-07-2024 17:05:42.876,0,0
04-07-2024 17:05:42.885,0,0
04-07-2024 17:05:42.894,0,0
04-07-2024 17:05:42.902,0,0
04-07-2024 17:05:42.912,0,0
04-07-2024 17:05:42.918,0,0
04-07-2024 17:05:42.926,0,0
04-07-2024 17:05:42.937,0,0
04-07-2024 17:05:42.943,0,0
04-07-2024 17:05:42.952,0,0
04-07-2024 17:05:42.961,0,0
04-07-2024 17:05:42.968,0,0
04-07-2024 17:05:42.979,0,0
04-07-2024 17:05:42.985,0,0
04-07-2024 17:05:42.995,0,0
04-07-2024 17:05:43.002,0,0
04-07-2024 17:05:43.019,0,0
04-07-2024 17:05:43.026,0,0
04-07-2024 17:05:43.036,0,0
04-07-2024 17:05:43.044,0,0
04-07-2024 17:05:43.053,0,0
04-07-2024 17:05:43.060,0,0
04-07-2024 17:05:43.069,0,0
04-07-2024 17:05:43.076,0,0
04-07-2024 17:05:43.085,0,0
04-07-2024 17:05:43.094,0,0
04-07-2024 17:05:43.101,0,0
04-07-2024 17:05:43.111,0,0
04-07-2024 17:05:43.119,0,0
04-07-2024 17:05:43.126,0,0
04-07-2024 17:05:43.137,0,0
04-07-2024 17:05:43.143,0,0
04-07-2024 17:05:43.153,0,0
04-07-2024 17:05:43.159,0,0
04-07-2024 17:05:43.170,0,0
04-07-2024 17:05:43.177,0,0
04-07-2024 17:05:43.185,0,0
04-07-2024 17:05:43.196,0,0
04-07-2024 17:05:43.202,0,0
04-07-2024 17:05:43.211,0,0
04-07-2024 17:05:43.227,0,0
04-07-2024 17:05:43.236,0,0
04-07-2024 17:05:43.244,0,0
04-07-2024 17:05:43.252,0,0
04-07-2024 17:05:43.261,0,0
04-07-2024 17:05:43.270,0,0
04-07-2024 17:05:43.278,0,0
04-07-2024 17:05:43.284,0,0
04-07-2024 17:05:43.296,0,0
04-07-2024 17:05:43.302,0,0
04-07-2024 17:05:43.311,0,0
04-07-2024 17:05:43.319,0,0
04-07-2024 17:05:43.328,0,0
04-07-2024 17:05:43.338,0,0
04-07-2024 17:05:43.344,0,0
04-07-2024 17:05:43.354,0,0
04-07-2024 17:05:43.360,0,0
04-07-2024 17:05:43.372,0,0
04-07-2024 17:05:43.377,0,0
04-07-2024 17:05:43.386,0,0
04-07-2024 17:05:43.396,0,0
04-07-2024 17:05:43.403,0,0
04-07-2024 17:05:43.412,0,0
04-07-2024 17:05:43.420,0,0
04-07-2024 17:05:43.428,0,0
04-07-2024 17:05:43.438,0,0
04-07-2024 17:05:43.445,0,0
04-07-2024 17:05:43.454,0,0
04-07-2024 17:05:43.464,0,0
04-07-2024 17:05:43.471,0,0
04-07-2024 17:05:43.481,0,0
04-07-2024 17:05:43.486,0,0
04-07-2024 17:05:43.497,0,0
04-07-2024 17:05:43.503,0,0
04-07-2024 17:05:43.512,0,0
04-07-2024 17:05:43.519,0,0
04-07-2024 17:05:43.528,0,0
04-07-2024 17:05:43.537,0,0
04-07-2024 17:05:43.544,0,0
04-07-2024 17:05:43.554,0,0
04-07-2024 17:05:43.562,0,0
04-07-2024 17:05:43.568,0,0
04-07-2024 17:05:43.578,0,0
04-07-2024 17:05:43.585,0,0
04-07-2024 17:05:43.595,0,0
04-07-2024 17:05:43.602,0,0
04-07-2024 17:05:43.612,0,0
04-07-2024 17:05:43.621,0,0
04-07-2024 17:05:43.627,0,0
04-07-2024 17:05:43.637,0,0
04-07-2024 17:05:43.643,0,0
04-07-2024 17:05:43.654,0,0
04-07-2024 17:05:43.661,0,0
04-07-2024 17:05:43.671,0,0
04-07-2024 17:05:43.678,0,0
04-07-2024 17:05:43.686,0,0
04-07-2024 17:05:43.696,0,0
04-07-2024 17:05:43.702,0,0
04-07-2024 17:05:43.713,0,0
04-07-2024 17:05:43.719,0,0
04-07-2024 17:05:43.726,0,0
04-07-2024 17:05:43.736,0,0
04-07-2024 17:05:43.743,0,0
04-07-2024 17:05:43.752,0,0
04-07-2024 17:05:43.760,0,0
04-07-2024 17:05:43.768,0,0
04-07-2024 17:05:43.778,0,0
04-07-2024 17:05:43.786,0,0
04-07-2024 17:05:43.794,0,0
04-07-2024 17:05:43.802,0,0
04-07-2024 17:05:43.811,0,0
04-07-2024 17:05:43.818,0,0
04-07-2024 17:05:43.828,0,0
04-07-2024 17:05:43.837,0,0
04-07-2024 17:05:43.843,0,0
04-07-2024 17:05:43.853,0,0
04-07-2024 17:05:43.861,0,0
04-07-2024 17:05:43.868,0,0
04-07-2024 17:05:43.878,0,0
04-07-2024 17:05:43.885,0,0
04-07-2024 17:05:43.895,0,0
04-07-2024 17:05:43.901,0,0
04-07-2024 17:05:43.910,0,0
04-07-2024 17:05:43.918,0,0
04-07-2024 17:05:43.926,0,0
04-07-2024 17:05:43.935,0,0
04-07-2024 17:05:43.943,0,0
04-07-2024 17:05:43.953,0,0
04-07-2024 17:05:43.959,0,0
04-07-2024 17:05:43.968,0,0
04-07-2024 17:05:43.976,0,0
04-07-2024 17:05:43.985,0,0
04-07-2024 17:05:43.994,0,0
04-07-2024 17:05:44.002,0,0
04-07-2024 17:05:44.011,0,0
04-07-2024 17:05:44.018,0,0
04-07-2024 17:05:44.027,0,0
04-07-2024 17:05:44.037,0,0
04-07-2024 17:05:44.043,0,0
04-07-2024 17:05:44.053,0,0
04-07-2024 17:05:44.060,0,0
04-07-2024 17:05:44.069,0,0
04-07-2024 17:05:44.077,0,0
04-07-2024 17:05:44.085,0,0
04-07-2024 17:05:44.095,0,0
04-07-2024 17:05:44.102,0,0
04-07-2024 17:05:44.111,0,0
04-07-2024 17:05:44.119,0,0
04-07-2024 17:05:44.128,0,0
04-07-2024 17:05:44.136,0,0
04-07-2024 17:05:44.144,0,0
04-07-2024 17:05:44.152,0,0
04-07-2024 17:05:44.160,0,0
04-07-2024 17:05:44.168,0,0
04-07-2024 17:05:44.177,0,0
04-07-2024 17:05:44.184,0,0
04-07-2024 17:05:44.195,0,0
04-07-2024 17:05:44.201,0,0
04-07-2024 17:05:44.211,0,0
04-07-2024 17:05:44.218,0,0
04-07-2024 17:05:44.226,0,0
04-07-2024 17:05:44.236,0,0
04-07-2024 17:05:44.243,0,0
04-07-2024 17:05:44.253,0,0
04-07-2024 17:05:44.261,0,0
04-07-2024 17:05:44.270,0,0
04-07-2024 17:05:44.277,0,0
04-07-2024 17:05:44.285,0,0
04-07-2024 17:05:44.294,0,0
04-07-2024 17:05:44.301,0,0
04-07-2024 17:05:44.311,0,0
04-07-2024 17:05:44.318,0,0
04-07-2024 17:05:44.327,0,0
04-07-2024 17:05:44.336,0,0
04-07-2024 17:05:44.344,0,0
04-07-2024 17:05:44.352,0,0
04-07-2024 17:05:44.361,0,0
04-07-2024 17:05:44.368,0,0
04-07-2024 17:05:44.380,0,0
04-07-2024 17:05:44.385,0,0
04-07-2024 17:05:44.394,0,0
04-07-2024 17:05:44.402,0,0
04-07-2024 17:05:44.411,0,0
04-07-2024 17:05:44.418,0,0
04-07-2024 17:05:44.427,0,0
04-07-2024 17:05:44.435,0,0
04-07-2024 17:05:44.444,0,0
04-07-2024 17:05:44.453,0,0
04-07-2024 17:05:44.460,0,0
04-07-2024 17:05:44.470,0,0
04-07-2024 17:05:44.477,0,0
04-07-2024 17:05:44.485,0,0
04-07-2024 17:05:44.495,0,0
04-07-2024 17:05:44.502,0,0
04-07-2024 17:05:44.510,0,0
04-07-2024 17:05:44.519,0,0
04-07-2024 17:05:44.527,0,0
04-07-2024 17:05:44.537,0,0
04-07-2024 17:05:44.544,0,0
04-07-2024 17:05:44.555,0,0
04-07-2024 17:05:44.560,0,0
04-07-2024 17:05:44.568,0,0
04-07-2024 17:05:44.579,0,0
04-07-2024 17:05:44.586,0,0
04-07-2024 17:05:44.594,0,0
04-07-2024 17:05:44.601,0,0
04-07-2024 17:05:44.611,0,0
04-07-2024 17:05:44.617,0,0
04-07-2024 17:05:44.627,0,0
04-07-2024 17:05:44.636,0,0
04-07-2024 17:05:44.643,0,0
04-07-2024 17:05:44.654,0,0
04-07-2024 17:05:44.661,0,0
04-07-2024 17:05:44.669,0,0
04-07-2024 17:05:44.679,0,0
04-07-2024 17:05:44.686,0,0
04-07-2024 17:05:44.695,0,0
04-07-2024 17:05:44.702,0,0
04-07-2024 17:05:44.711,0,0
04-07-2024 17:05:44.719,0,0
04-07-2024 17:05:44.728,0,0
04-07-2024 17:05:44.736,0,0
04-07-2024 17:05:44.743,0,0
04-07-2024 17:05:44.753,0,0
04-07-2024 17:05:44.759,0,0
04-07-2024 17:05:44.769,0,0
04-07-2024 17:05:44.778,0,0
04-07-2024 17:05:44.785,0,0
04-07-2024 17:05:44.794,0,0
04-07-2024 17:05:44.802,0,0
04-07-2024 17:05:44.811,0,0
04-07-2024 17:05:44.818,0,0
04-07-2024 17:05:44.827,0,0
04-07-2024 17:05:44.835,0,0
04-07-2024 17:05:44.844,0,0
04-07-2024 17:05:44.852,0,0
04-07-2024 17:05:44.861,0,0
04-07-2024 17:05:44.868,0,0
04-07-2024 17:05:44.877,0,0
04-07-2024 17:05:44.885,0,0
04-07-2024 17:05:44.895,0,0
04-07-2024 17:05:44.902,0,0
04-07-2024 17:05:44.910,0,0
04-07-2024 17:05:44.919,0,0
04-07-2024 17:05:44.927,0,0
04-07-2024 17:05:44.934,0,0
04-07-2024 17:05:44.943,0,0
04-07-2024 17:05:44.952,0,0
04-07-2024 17:05:44.959,0,0
04-07-2024 17:05:44.968,0,0
04-07-2024 17:05:44.977,0,0
04-07-2024 17:05:44.985,0,0
04-07-2024 17:05:44.995,0,0
04-07-2024 17:05:45.002,0,0
04-07-2024 17:05:45.011,0,0
04-07-2024 17:05:45.018,0,0
04-07-2024 17:05:45.026,0,0
04-07-2024 17:05:45.036,0,0
04-07-2024 17:05:45.044,0,0
04-07-2024 17:05:45.053,0,0
04-07-2024 17:05:45.062,0,0
04-07-2024 17:05:45.068,0,0
04-07-2024 17:05:45.078,0,0
04-07-2024 17:05:45.085,0,0
04-07-2024 17:05:45.095,0,0
04-07-2024 17:05:45.102,0,0
04-07-2024 17:05:45.111,0,0
04-07-2024 17:05:45.119,0,0
04-07-2024 17:05:45.127,0,0
04-07-2024 17:05:45.137,0,0
04-07-2024 17:05:45.143,0,0
04-07-2024 17:05:45.153,0,0
04-07-2024 17:05:45.161,0,0
04-07-2024 17:05:45.170,0,0
04-07-2024 17:05:45.176,0,0
04-07-2024 17:05:45.185,0,0
04-07-2024 17:05:45.194,0,0
04-07-2024 17:05:45.202,0,0
04-07-2024 17:05:45.211,0,0
04-07-2024 17:05:45.219,0,0
04-07-2024 17:05:45.226,0,0
04-07-2024 17:05:45.237,0,0
04-07-2024 17:05:45.243,0,0
04-07-2024 17:05:45.253,0,0
04-07-2024 17:05:45.260,0,0
04-07-2024 17:05:45.269,0,0
04-07-2024 17:05:45.278,0,0
04-07-2024 17:05:45.285,0,0
04-07-2024 17:05:45.295,0,0
04-07-2024 17:05:45.302,0,0
04-07-2024 17:05:45.311,0,0
04-07-2024 17:05:45.318,0,0
04-07-2024 17:05:45.327,0,0
04-07-2024 17:05:45.336,0,0
04-07-2024 17:05:45.344,0,0
04-07-2024 17:05:45.352,0,0
04-07-2024 17:05:45.361,0,0
04-07-2024 17:05:45.369,0,0
04-07-2024 17:05:45.377,0,0
04-07-2024 17:05:45.385,0,0
04-07-2024 17:05:45.395,0,0
04-07-2024 17:05:45.403,0,0
04-07-2024 17:05:45.411,0,0
04-07-2024 17:05:45.419,0,0
04-07-2024 17:05:45.427,0,0
04-07-2024 17:05:45.436,0,0
04-07-2024 17:05:45.444,0,0
04-07-2024 17:05:45.453,0,0
04-07-2024 17:05:45.461,0,0
04-07-2024 17:05:45.468,0,0
04-07-2024 17:05:45.478,0,0
04-07-2024 17:05:45.485,0,0
04-07-2024 17:05:45.494,0,0
04-07-2024 17:05:45.501,0,0
04-07-2024 17:05:45.512,0,0
04-07-2024 17:05:45.519,0,0
04-07-2024 17:05:45.527,0,0
04-07-2024 17:05:45.537,0,0
04-07-2024 17:05:45.544,0,0
04-07-2024 17:05:45.553,0,0
04-07-2024 17:05:45.561,0,0
04-07-2024 17:05:45.568,0,0
04-07-2024 17:05:45.578,0,0
04-07-2024 17:05:45.585,0,0
04-07-2024 17:05:45.594,0,0
04-07-2024 17:05:45.602,0,0
04-07-2024 17:05:45.612,0,0
04-07-2024 17:05:45.618,0,0
04-07-2024 17:05:45.627,0,0
04-07-2024 17:05:45.635,0,0
04-07-2024 17:05:45.643,0,0
04-07-2024 17:05:45.655,0,0
04-07-2024 17:05:45.663,0,0
04-07-2024 17:05:45.671,0,0
04-07-2024 17:05:45.676,0,0
04-07-2024 17:05:45.684,0,0
04-07-2024 17:05:45.695,0,0
04-07-2024 17:05:45.701,0,0
04-07-2024 17:05:45.711,0,0
04-07-2024 17:05:45.718,0,0
04-07-2024 17:05:45.727,0,0
04-07-2024 17:05:45.736,0,0
04-07-2024 17:05:45.742,0,0
04-07-2024 17:05:45.752,0,0
04-07-2024 17:05:45.759,0,0
04-07-2024 17:05:45.768,0,0
04-07-2024 17:05:45.777,0,0
04-07-2024 17:05:45.785,0,0
04-07-2024 17:05:45.794,0,0
04-07-2024 17:05:45.801,0,0
04-07-2024 17:05:45.811,0,0
04-07-2024 17:05:45.819,0,0
04-07-2024 17:05:45.828,0,0
04-07-2024 17:05:45.837,0,0
04-07-2024 17:05:45.844,0,0
04-07-2024 17:05:45.853,0,0
04-07-2024 17:05:45.860,0,0
04-07-2024 17:05:45.870,0,0
04-07-2024 17:05:45.877,0,0
04-07-2024 17:05:45.884,0,0
04-07-2024 17:05:45.895,0,0
04-07-2024 17:05:45.902,0,0
04-07-2024 17:05:45.910,0,0
04-07-2024 17:05:45.918,0,0
04-07-2024 17:05:45.927,0,0
04-07-2024 17:05:45.936,0,0
04-07-2024 17:05:45.944,0,0
04-07-2024 17:05:45.952,0,0
04-07-2024 17:05:45.959,0,0
04-07-2024 17:05:45.968,0,0
04-07-2024 17:05:45.979,0,0
04-07-2024 17:05:45.985,0,0
04-07-2024 17:05:45.994,0,0
04-07-2024 17:05:46.002,0,0
04-07-2024 17:05:46.012,0,0
04-07-2024 17:05:46.018,0,0
04-07-2024 17:05:46.027,0,0
04-07-2024 17:05:46.036,0,0
04-07-2024 17:05:46.043,0,0
04-07-2024 17:05:46.053,0,0
04-07-2024 17:05:46.060,0,0
04-07-2024 17:05:46.068,0,0
04-07-2024 17:05:46.077,0,0
04-07-2024 17:05:46.094,0,0
04-07-2024 17:05:46.102,0,0
04-07-2024 17:05:46.112,0,0
04-07-2024 17:05:46.118,0,0
04-07-2024 17:05:46.126,0,0
04-07-2024 17:05:46.137,0,0
04-07-2024 17:05:46.143,0,0
04-07-2024 17:05:46.155,0,0
04-07-2024 17:05:46.161,0,0
04-07-2024 17:05:46.170,0,0
04-07-2024 17:05:46.177,0,0
04-07-2024 17:05:46.185,0,0
04-07-2024 17:05:46.195,0,0
04-07-2024 17:05:46.202,0,0
04-07-2024 17:05:46.212,0,0
04-07-2024 17:05:46.219,0,0
04-07-2024 17:05:46.227,0,0
04-07-2024 17:05:46.236,0,0
04-07-2024 17:05:46.244,0,0
04-07-2024 17:05:46.254,0,0
04-07-2024 17:05:46.260,0,0
04-07-2024 17:05:46.269,0,0
04-07-2024 17:05:46.277,0,0
04-07-2024 17:05:46.285,0,0
04-07-2024 17:05:46.295,0,0
04-07-2024 17:05:46.300,0,0
04-07-2024 17:05:46.312,0,0
04-07-2024 17:05:46.318,0,0
04-07-2024 17:05:46.327,0,0
04-07-2024 17:05:46.336,0,0
04-07-2024 17:05:46.344,0,0
04-07-2024 17:05:46.353,0,0
04-07-2024 17:05:46.360,0,0
04-07-2024 17:05:46.368,0,0
04-07-2024 17:05:46.378,0,0
04-07-2024 17:05:46.386,0,0
04-07-2024 17:05:46.395,0,0
04-07-2024 17:05:46.403,0,0
04-07-2024 17:05:46.411,0,0
04-07-2024 17:05:46.419,0,0
04-07-2024 17:05:46.428,0,0
04-07-2024 17:05:46.436,0,0
04-07-2024 17:05:46.444,0,0
04-07-2024 17:05:46.454,0,0
04-07-2024 17:05:46.460,0,0
04-07-2024 17:05:46.470,0,0
04-07-2024 17:05:46.475,0,0
04-07-2024 17:05:46.488,0,0
04-07-2024 17:05:46.500,0,0
04-07-2024 17:05:46.508,0,0
04-07-2024 17:05:46.516,0,0
04-07-2024 17:05:46.519,0,0
04-07-2024 17:05:46.527,0,0
04-07-2024 17:05:46.538,0,0
04-07-2024 17:05:46.547,0,0
04-07-2024 17:05:46.557,0,0
04-07-2024 17:05:46.565,0,0
04-07-2024 17:05:46.574,0,0
04-07-2024 17:05:46.580,0,0
04-07-2024 17:05:46.586,0,0
04-07-2024 17:05:46.596,0,0
04-07-2024 17:05:46.603,0,0
04-07-2024 17:05:46.615,0,0
04-07-2024 17:05:46.620,0,0
04-07-2024 17:05:46.628,0,0
04-07-2024 17:05:46.637,0,0
04-07-2024 17:05:46.648,0,0
04-07-2024 17:05:46.661,0,0
04-07-2024 17:05:46.673,0,0
04-07-2024 17:05:46.680,0,0
04-07-2024 17:05:46.691,0,0
04-07-2024 17:05:46.699,0,0
04-07-2024 17:05:46.715,0,0
04-07-2024 17:05:46.726,0,0
04-07-2024 17:05:46.744,0,0
04-07-2024 17:05:46.751,0,0
04-07-2024 17:05:46.756,0,0
04-07-2024 17:05:46.763,0,0
04-07-2024 17:05:46.773,0,0
04-07-2024 17:05:46.779,0,0
04-07-2024 17:05:46.788,0,0
04-07-2024 17:05:46.799,0,0
04-07-2024 17:05:46.805,0,0
04-07-2024 17:05:46.815,0,0
04-07-2024 17:05:46.821,0,0
04-07-2024 17:05:46.828,0,0
04-07-2024 17:05:46.838,0,0
04-07-2024 17:05:46.845,0,0
04-07-2024 17:05:46.859,0,0
04-07-2024 17:05:46.867,0,0
04-07-2024 17:05:46.877,0,0
04-07-2024 17:05:46.883,0,0
04-07-2024 17:05:46.888,0,0
04-07-2024 17:05:46.896,0,0
04-07-2024 17:05:46.904,0,0
04-07-2024 17:05:46.913,0,0
04-07-2024 17:05:46.921,0,0
04-07-2024 17:05:46.931,0,0
04-07-2024 17:05:46.936,0,0
04-07-2024 17:05:46.944,0,0
04-07-2024 17:05:46.956,0,0
04-07-2024 17:05:46.962,0,0
04-07-2024 17:05:46.972,0,0
04-07-2024 17:05:46.979,0,0
04-07-2024 17:05:46.987,0,0
04-07-2024 17:05:46.997,0,0
04-07-2024 17:05:47.004,0,0
04-07-2024 17:05:47.014,0,0
04-07-2024 17:05:47.020,0,0
04-07-2024 17:05:47.031,0,0
04-07-2024 17:05:47.038,0,0
04-07-2024 17:05:47.046,0,0
04-07-2024 17:05:47.056,0,0
04-07-2024 17:05:47.063,0,0
04-07-2024 17:05:47.073,0,0
04-07-2024 17:05:47.080,0,0
04-07-2024 17:05:47.089,0,0
04-07-2024 17:05:47.097,0,0
04-07-2024 17:05:47.105,0,0
04-07-2024 17:05:47.115,0,0
04-07-2024 17:05:47.121,0,0
04-07-2024 17:05:47.131,0,0
04-07-2024 17:05:47.138,0,0
04-07-2024 17:05:47.146,0,0
04-07-2024 17:05:47.156,0,0
04-07-2024 17:05:47.163,0,0
04-07-2024 17:05:47.172,0,0
04-07-2024 17:05:47.180,0,0
04-07-2024 17:05:47.190,0,0
04-07-2024 17:05:47.196,0,0
04-07-2024 17:05:47.204,0,0
04-07-2024 17:05:47.215,0,0
04-07-2024 17:05:47.221,0,0
04-07-2024 17:05:47.230,0,0
04-07-2024 17:05:47.238,0,0
04-07-2024 17:05:47.246,0,0
04-07-2024 17:05:47.256,0,0
04-07-2024 17:05:47.263,0,0
04-07-2024 17:05:47.271,0,0
04-07-2024 17:05:47.280,0,0
04-07-2024 17:05:47.287,0,0
04-07-2024 17:05:47.297,0,0
04-07-2024 17:05:47.305,0,0
04-07-2024 17:05:47.313,0,0
04-07-2024 17:05:47.322,0,0
04-07-2024 17:05:47.331,0,0
04-07-2024 17:05:47.337,0,0
04-07-2024 17:05:47.346,0,0
04-07-2024 17:05:47.356,0,0
04-07-2024 17:05:47.362,0,0
04-07-2024 17:05:47.372,0,0
04-07-2024 17:05:47.379,0,0
04-07-2024 17:05:47.388,0,0
04-07-2024 17:05:47.397,0,0
04-07-2024 17:05:47.405,0,0
04-07-2024 17:05:47.414,0,0
04-07-2024 17:05:47.420,0,0
04-07-2024 17:05:47.429,0,0
04-07-2024 17:05:47.436,0,0
04-07-2024 17:05:47.446,0,0
04-07-2024 17:05:47.456,0,0
04-07-2024 17:05:47.463,0,0
04-07-2024 17:05:47.472,0,0
04-07-2024 17:05:47.480,0,0
04-07-2024 17:05:47.487,0,0
04-07-2024 17:05:47.497,0,0
04-07-2024 17:05:47.505,0,0
04-07-2024 17:05:47.514,0,0
04-07-2024 17:05:47.521,0,0
04-07-2024 17:05:47.529,0,0
04-07-2024 17:05:47.537,0,0
04-07-2024 17:05:47.546,0,0
04-07-2024 17:05:47.555,0,0
04-07-2024 17:05:47.562,0,0
04-07-2024 17:05:47.572,0,0
04-07-2024 17:05:47.580,0,0
04-07-2024 17:05:47.588,0,0
04-07-2024 17:05:47.597,0,0
04-07-2024 17:05:47.605,0,0
04-07-2024 17:05:47.614,0,0
04-07-2024 17:05:47.621,0,0
04-07-2024 17:05:47.631,0,0
04-07-2024 17:05:47.638,0,0
04-07-2024 17:05:47.646,0,0
04-07-2024 17:05:47.655,0,0
04-07-2024 17:05:47.663,0,0
04-07-2024 17:05:47.671,0,0
04-07-2024 17:05:47.680,0,0
04-07-2024 17:05:47.687,0,0
04-07-2024 17:05:47.697,0,0
04-07-2024 17:05:47.705,0,0
04-07-2024 17:05:47.715,0,0
04-07-2024 17:05:47.722,0,0
04-07-2024 17:05:47.732,0,0
04-07-2024 17:05:47.738,0,0
04-07-2024 17:05:47.746,0,0
04-07-2024 17:05:47.757,0,0
04-07-2024 17:05:47.763,0,0
04-07-2024 17:05:47.775,0,0
04-07-2024 17:05:47.780,0,0
04-07-2024 17:05:47.788,0,0
04-07-2024 17:05:47.796,0,0
04-07-2024 17:05:47.806,0,0
04-07-2024 17:05:47.816,0,0
04-07-2024 17:05:47.822,0,0
04-07-2024 17:05:47.835,0,0
04-07-2024 17:05:47.844,0,0
04-07-2024 17:05:47.855,0,0
04-07-2024 17:05:47.864,0,0
04-07-2024 17:05:47.870,0,0
04-07-2024 17:05:47.876,0,0
04-07-2024 17:05:47.885,0,0
04-07-2024 17:05:47.894,0,0
04-07-2024 17:05:47.902,0,0
04-07-2024 17:05:47.911,0,0
04-07-2024 17:05:47.918,0,0
04-07-2024 17:05:47.926,0,0
04-07-2024 17:05:47.938,0,0
04-07-2024 17:05:47.947,0,0
04-07-2024 17:05:47.956,0,0
04-07-2024 17:05:47.963,0,0
04-07-2024 17:05:47.973,0,0
04-07-2024 17:05:47.979,0,0
04-07-2024 17:05:47.986,0,0
04-07-2024 17:05:47.994,0,0
04-07-2024 17:05:48.001,0,0
04-07-2024 17:05:48.011,0,0
04-07-2024 17:05:48.017,0,0
04-07-2024 17:05:48.026,0,0
04-07-2024 17:05:48.038,0,0
04-07-2024 17:05:48.045,0,0
04-07-2024 17:05:48.052,0,0
04-07-2024 17:05:48.064,0,0
04-07-2024 17:05:48.075,0,0
04-07-2024 17:05:48.086,0,0
04-07-2024 17:05:48.095,0,0
04-07-2024 17:05:48.101,0,0
04-07-2024 17:05:48.107,0,0
04-07-2024 17:05:48.117,0,0
04-07-2024 17:05:48.125,0,0
04-07-2024 17:05:48.134,0,0
04-07-2024 17:05:48.141,0,0
04-07-2024 17:05:48.151,0,0
04-07-2024 17:05:48.159,0,0
04-07-2024 17:05:48.167,0,0
04-07-2024 17:05:48.175,0,0
04-07-2024 17:05:48.182,0,0
04-07-2024 17:05:48.192,0,0
04-07-2024 17:05:48.198,0,0
04-07-2024 17:05:48.211,0,0
04-07-2024 17:05:48.215,0,0
04-07-2024 17:05:48.223,0,0
04-07-2024 17:05:48.234,0,0
04-07-2024 17:05:48.242,0,0
04-07-2024 17:05:48.251,0,0
04-07-2024 17:05:48.256,0,0
04-07-2024 17:05:48.266,0,0
04-07-2024 17:05:48.276,0,0
04-07-2024 17:05:48.283,0,0
04-07-2024 17:05:48.291,0,0
04-07-2024 17:05:48.298,0,0
04-07-2024 17:05:48.307,0,0
04-07-2024 17:05:48.316,0,0
04-07-2024 17:05:48.323,0,0
04-07-2024 17:05:48.334,0,0
04-07-2024 17:05:48.341,0,0
04-07-2024 17:05:48.350,0,0
04-07-2024 17:05:48.356,0,0
04-07-2024 17:05:48.366,0,0
04-07-2024 17:05:48.375,0,0
04-07-2024 17:05:48.382,0,0
04-07-2024 17:05:48.391,0,0
04-07-2024 17:05:48.398,0,0
04-07-2024 17:05:48.406,0,0
04-07-2024 17:05:48.417,0,0
04-07-2024 17:05:48.424,0,0
04-07-2024 17:05:48.436,0,0
04-07-2024 17:05:48.441,0,0
04-07-2024 17:05:48.450,0,0
04-07-2024 17:05:48.457,0,0
04-07-2024 17:05:48.465,0,0
04-07-2024 17:05:48.475,0,0
04-07-2024 17:05:48.482,0,0
04-07-2024 17:05:48.492,0,0
04-07-2024 17:05:48.499,0,0
04-07-2024 17:05:48.507,0,0
04-07-2024 17:05:48.518,0,0
04-07-2024 17:05:48.524,0,0
04-07-2024 17:05:48.532,0,0
04-07-2024 17:05:48.540,0,0
04-07-2024 17:05:48.551,0,0
04-07-2024 17:05:48.558,0,0
04-07-2024 17:05:48.566,0,0
04-07-2024 17:05:48.574,0,0
04-07-2024 17:05:48.581,0,0
04-07-2024 17:05:48.591,0,0
04-07-2024 17:05:48.600,0,0
04-07-2024 17:05:48.608,0,0
04-07-2024 17:05:48.617,0,0
04-07-2024 17:05:48.625,0,0
04-07-2024 17:05:48.633,0,0
04-07-2024 17:05:48.640,0,0
04-07-2024 17:05:48.649,0,0
04-07-2024 17:05:48.658,0,0
04-07-2024 17:05:48.665,0,0
04-07-2024 17:05:48.675,0,0
04-07-2024 17:05:48.682,0,0
04-07-2024 17:05:48.691,0,0
04-07-2024 17:05:48.698,0,0
04-07-2024 17:05:48.707,0,0
04-07-2024 17:05:48.718,0,0
04-07-2024 17:05:48.725,0,0
04-07-2024 17:05:48.735,0,0
04-07-2024 17:05:48.741,0,0
04-07-2024 17:05:48.751,0,0
04-07-2024 17:05:48.757,0,0
04-07-2024 17:05:48.765,0,0
04-07-2024 17:05:48.775,0,0
04-07-2024 17:05:48.782,0,0
04-07-2024 17:05:48.791,0,0
04-07-2024 17:05:48.800,0,0
04-07-2024 17:05:48.806,0,0
04-07-2024 17:05:48.816,0,0
04-07-2024 17:05:48.824,0,0
04-07-2024 17:05:48.833,0,0
04-07-2024 17:05:48.840,0,0
04-07-2024 17:05:48.849,0,0
04-07-2024 17:05:48.858,0,0
04-07-2024 17:05:48.864,0,0
04-07-2024 17:05:48.874,0,0
04-07-2024 17:05:48.882,0,0
04-07-2024 17:05:48.892,0,0
04-07-2024 17:05:48.899,0,0
04-07-2024 17:05:48.907,0,0
04-07-2024 17:05:48.916,0,0
04-07-2024 17:05:48.924,0,0
04-07-2024 17:05:48.934,0,0
04-07-2024 17:05:48.941,0,0
04-07-2024 17:05:48.949,0,0
04-07-2024 17:05:48.959,0,0
04-07-2024 17:05:48.966,0,0
04-07-2024 17:05:48.975,0,0
04-07-2024 17:05:48.983,0,0
04-07-2024 17:05:48.994,0,0
04-07-2024 17:05:48.999,0,0
04-07-2024 17:05:49.007,0,0
04-07-2024 17:05:49.017,0,0
04-07-2024 17:05:49.024,0,0
04-07-2024 17:05:49.034,0,0
04-07-2024 17:05:49.041,0,0
04-07-2024 17:05:49.051,0,0
04-07-2024 17:05:49.058,0,0
04-07-2024 17:05:49.067,0,0
04-07-2024 17:05:49.076,0,0
04-07-2024 17:05:49.083,0,0
04-07-2024 17:05:49.091,0,0
04-07-2024 17:05:49.100,0,0
04-07-2024 17:05:49.107,0,0
04-07-2024 17:05:49.117,0,0
04-07-2024 17:05:49.125,0,0
04-07-2024 17:05:49.134,0,0
04-07-2024 17:05:49.141,0,0
04-07-2024 17:05:49.159,0,0
04-07-2024 17:05:49.166,0,0
04-07-2024 17:05:49.174,0,0
04-07-2024 17:05:49.183,0,0
04-07-2024 17:05:49.192,0,0
04-07-2024 17:05:49.198,0,0
04-07-2024 17:05:49.207,0,0
04-07-2024 17:05:49.215,0,0
04-07-2024 17:05:49.224,0,0
04-07-2024 17:05:49.232,0,0
04-07-2024 17:05:49.239,0,0
04-07-2024 17:05:49.248,0,0
04-07-2024 17:05:49.259,0,0
04-07-2024 17:05:49.266,0,0
04-07-2024 17:05:49.275,0,0
04-07-2024 17:05:49.282,0,0
04-07-2024 17:05:49.292,0,0
04-07-2024 17:05:49.298,0,0
04-07-2024 17:05:49.306,0,0
04-07-2024 17:05:49.317,0,0
04-07-2024 17:05:49.323,0,0
04-07-2024 17:05:49.332,0,0
04-07-2024 17:05:49.340,0,0
04-07-2024 17:05:49.349,0,0
04-07-2024 17:05:49.366,0,0
04-07-2024 17:05:49.374,0,0
04-07-2024 17:05:49.382,0,0
04-07-2024 17:05:49.394,0,0
04-07-2024 17:05:49.398,0,0
04-07-2024 17:05:49.407,0,0
04-07-2024 17:05:49.417,0,0
04-07-2024 17:05:49.423,0,0
04-07-2024 17:05:49.433,0,0
04-07-2024 17:05:49.441,0,0
04-07-2024 17:05:49.449,0,0
04-07-2024 17:05:49.458,0,0
04-07-2024 17:05:49.465,0,0
04-07-2024 17:05:49.475,0,0
04-07-2024 17:05:49.482,0,0
04-07-2024 17:05:49.491,0,0
04-07-2024 17:05:49.499,0,0
04-07-2024 17:05:49.507,0,0
04-07-2024 17:05:49.516,0,0
04-07-2024 17:05:49.523,0,0
04-07-2024 17:05:49.533,0,0
04-07-2024 17:05:49.540,0,0
04-07-2024 17:05:49.548,0,0
04-07-2024 17:05:49.559,0,0
04-07-2024 17:05:49.575,0,0
04-07-2024 17:05:49.582,0,0
04-07-2024 17:05:49.591,0,0
04-07-2024 17:05:49.598,0,0
04-07-2024 17:05:49.606,0,0
04-07-2024 17:05:49.616,0,0
04-07-2024 17:05:49.624,0,0
04-07-2024 17:05:49.632,0,0
04-07-2024 17:05:49.641,0,0
04-07-2024 17:05:49.649,0,0
04-07-2024 17:05:49.659,0,0
04-07-2024 17:05:49.667,0,0
04-07-2024 17:05:49.675,0,0
04-07-2024 17:05:49.683,0,0
04-07-2024 17:05:49.692,0,0
04-07-2024 17:05:49.700,0,0
04-07-2024 17:05:49.708,0,0
04-07-2024 17:05:49.718,0,0
04-07-2024 17:05:49.723,0,0
04-07-2024 17:05:49.735,0,0
04-07-2024 17:05:49.740,0,0
04-07-2024 17:05:49.751,0,0
04-07-2024 17:05:49.758,0,0
04-07-2024 17:05:49.776,0,0
04-07-2024 17:05:49.783,0,0
04-07-2024 17:05:49.792,0,0
04-07-2024 17:05:49.799,0,0
04-07-2024 17:05:49.807,0,0
04-07-2024 17:05:49.818,0,0
04-07-2024 17:05:49.824,0,0
04-07-2024 17:05:49.835,0,0
04-07-2024 17:05:49.842,0,0
04-07-2024 17:05:49.851,0,0
04-07-2024 17:05:49.857,0,0
04-07-2024 17:05:49.866,0,0
04-07-2024 17:05:49.876,0,0
04-07-2024 17:05:49.882,0,0
04-07-2024 17:05:49.893,0,0
04-07-2024 17:05:49.900,0,0
04-07-2024 17:05:49.907,0,0
04-07-2024 17:05:49.916,0,0
04-07-2024 17:05:49.923,0,0
04-07-2024 17:05:49.933,0,0
04-07-2024 17:05:49.939,0,0
04-07-2024 17:05:49.948,0,0
04-07-2024 17:05:49.957,0,0
04-07-2024 17:05:49.966,0,0
04-07-2024 17:05:49.983,0,0
04-07-2024 17:05:49.993,0,0
04-07-2024 17:05:50.000,0,0
04-07-2024 17:05:50.007,0,0
04-07-2024 17:05:50.017,0,0
04-07-2024 17:05:50.024,0,0
04-07-2024 17:05:50.034,0,0
04-07-2024 17:05:50.040,0,0
04-07-2024 17:05:50.050,0,0
04-07-2024 17:05:50.057,0,0
04-07-2024 17:05:50.066,0,0
04-07-2024 17:05:50.074,0,0
04-07-2024 17:05:50.082,0,0
04-07-2024 17:05:50.093,0,0
04-07-2024 17:05:50.098,0,0
04-07-2024 17:05:50.107,0,0
04-07-2024 17:05:50.116,0,0
04-07-2024 17:05:50.123,0,0
04-07-2024 17:05:50.133,0,0
04-07-2024 17:05:50.142,0,0
04-07-2024 17:05:50.149,0,0
04-07-2024 17:05:50.156,0,0
04-07-2024 17:05:50.165,0,0
04-07-2024 17:05:50.174,0,0
04-07-2024 17:05:50.193,0,0
04-07-2024 17:05:50.198,0,0
04-07-2024 17:05:50.208,0,0
04-07-2024 17:05:50.217,0,0
04-07-2024 17:05:50.224,0,0
04-07-2024 17:05:50.233,0,0
04-07-2024 17:05:50.241,0,0
04-07-2024 17:05:50.248,0,0
04-07-2024 17:05:50.258,0,0
04-07-2024 17:05:50.266,0,0
04-07-2024 17:05:50.274,0,0
04-07-2024 17:05:50.283,0,0
04-07-2024 17:05:50.290,0,0
04-07-2024 17:05:50.300,0,0
04-07-2024 17:05:50.307,0,0
04-07-2024 17:05:50.316,0,0
04-07-2024 17:05:50.324,0,0
04-07-2024 17:05:50.333,0,0
04-07-2024 17:05:50.341,0,0
04-07-2024 17:05:50.349,0,0
04-07-2024 17:05:50.357,0,0
04-07-2024 17:05:50.365,0,0
04-07-2024 17:05:50.375,0,0
04-07-2024 17:05:50.382,0,0
04-07-2024 17:05:50.399,0,0
04-07-2024 17:05:50.406,0,0
04-07-2024 17:05:50.416,0,0
04-07-2024 17:05:50.424,0,0
04-07-2024 17:05:50.433,0,0
04-07-2024 17:05:50.440,0,0
04-07-2024 17:05:50.448,0,0
04-07-2024 17:05:50.458,0,0
04-07-2024 17:05:50.466,0,0
04-07-2024 17:05:50.474,0,0
04-07-2024 17:05:50.482,0,0
04-07-2024 17:05:50.492,0,0
04-07-2024 17:05:50.499,0,0
04-07-2024 17:05:50.507,0,0
04-07-2024 17:05:50.516,0,0
04-07-2024 17:05:50.523,0,0
04-07-2024 17:05:50.533,0,0
04-07-2024 17:05:50.540,0,0
04-07-2024 17:05:50.548,0,0
04-07-2024 17:05:50.558,0,0
04-07-2024 17:05:50.565,0,0
04-07-2024 17:05:50.575,0,0
04-07-2024 17:05:50.582,0,0
04-07-2024 17:05:50.592,0,0
04-07-2024 17:05:50.598,0,0
04-07-2024 17:05:50.607,0,0
04-07-2024 17:05:50.616,0,0
04-07-2024 17:05:50.623,0,0
04-07-2024 17:05:50.634,0,0
04-07-2024 17:05:50.640,0,0
04-07-2024 17:05:50.648,0,0
04-07-2024 17:05:50.658,0,0
04-07-2024 17:05:50.665,0,0
04-07-2024 17:05:50.675,0,0
04-07-2024 17:05:50.682,0,0
04-07-2024 17:05:50.692,0,0
04-07-2024 17:05:50.698,0,0
04-07-2024 17:05:50.706,0,0
04-07-2024 17:05:50.716,0,0
04-07-2024 17:05:50.724,0,0
04-07-2024 17:05:50.734,0,0
04-07-2024 17:05:50.742,0,0
04-07-2024 17:05:50.750,0,0
04-07-2024 17:05:50.757,0,0
04-07-2024 17:05:50.765,0,0
04-07-2024 17:05:50.775,0,0
04-07-2024 17:05:50.783,0,0
04-07-2024 17:05:50.792,0,0
04-07-2024 17:05:50.799,0,0
04-07-2024 17:05:50.807,0,0
04-07-2024 17:05:50.817,0,0
04-07-2024 17:05:50.823,0,0
04-07-2024 17:05:50.833,0,0
04-07-2024 17:05:50.840,0,0
04-07-2024 17:05:50.850,0,0
04-07-2024 17:05:50.857,0,0
04-07-2024 17:05:50.866,0,0
04-07-2024 17:05:50.875,0,0
04-07-2024 17:05:50.883,0,0
04-07-2024 17:05:50.892,0,0
04-07-2024 17:05:50.899,0,0
04-07-2024 17:05:50.907,0,0
04-07-2024 17:05:50.918,0,0
04-07-2024 17:05:50.925,0,0
04-07-2024 17:05:50.934,0,0
04-07-2024 17:05:50.941,0,0
04-07-2024 17:05:50.951,0,0
04-07-2024 17:05:50.958,0,0
04-07-2024 17:05:50.966,0,0
04-07-2024 17:05:50.976,0,0
04-07-2024 17:05:50.983,0,0
04-07-2024 17:05:50.992,0,0
04-07-2024 17:05:50.999,0,0
04-07-2024 17:05:51.006,0,0
04-07-2024 17:05:51.016,0,0
04-07-2024 17:05:51.024,0,0
04-07-2024 17:05:51.033,0,0
04-07-2024 17:05:51.041,0,0
04-07-2024 17:05:51.050,0,0
04-07-2024 17:05:51.058,0,0
04-07-2024 17:05:51.066,0,0
04-07-2024 17:05:51.075,0,0
04-07-2024 17:05:51.082,0,0
04-07-2024 17:05:51.092,0,0
04-07-2024 17:05:51.100,0,0
04-07-2024 17:05:51.108,0,0
04-07-2024 17:05:51.118,0,0
04-07-2024 17:05:51.124,0,0
04-07-2024 17:05:51.133,0,0
04-07-2024 17:05:51.139,0,0
04-07-2024 17:05:51.148,0,0
04-07-2024 17:05:51.159,0,0
04-07-2024 17:05:51.165,0,0
04-07-2024 17:05:51.176,0,0
04-07-2024 17:05:51.182,0,0
04-07-2024 17:05:51.191,0,0
04-07-2024 17:05:51.199,0,0
04-07-2024 17:05:51.207,0,0
04-07-2024 17:05:51.217,0,0
04-07-2024 17:05:51.225,0,0
04-07-2024 17:05:51.233,0,0
04-07-2024 17:05:51.241,0,0
04-07-2024 17:05:51.249,0,0
04-07-2024 17:05:51.258,0,0
04-07-2024 17:05:51.266,0,0
04-07-2024 17:05:51.274,0,0
04-07-2024 17:05:51.282,0,0
04-07-2024 17:05:51.291,0,0
04-07-2024 17:05:51.298,0,0
04-07-2024 17:05:51.307,0,0
04-07-2024 17:05:51.317,0,0
04-07-2024 17:05:51.324,0,0
04-07-2024 17:05:51.333,0,0
04-07-2024 17:05:51.339,0,0
04-07-2024 17:05:51.349,0,0
04-07-2024 17:05:51.358,0,0
04-07-2024 17:05:51.365,0,0
04-07-2024 17:05:51.375,0,0
04-07-2024 17:05:51.381,0,0
04-07-2024 17:05:51.391,0,0
04-07-2024 17:05:51.399,0,0
04-07-2024 17:05:51.406,0,0
04-07-2024 17:05:51.415,0,0
04-07-2024 17:05:51.424,0,0
04-07-2024 17:05:51.434,0,0
04-07-2024 17:05:51.439,0,0
04-07-2024 17:05:51.449,0,0
04-07-2024 17:05:51.458,0,0
04-07-2024 17:05:51.465,0,0
04-07-2024 17:05:51.474,0,0
04-07-2024 17:05:51.482,0,0
04-07-2024 17:05:51.491,0,0
04-07-2024 17:05:51.498,0,0
04-07-2024 17:05:51.507,0,0
04-07-2024 17:05:51.516,0,0
04-07-2024 17:05:51.524,0,0
04-07-2024 17:05:51.534,0,0
04-07-2024 17:05:51.540,0,0
04-07-2024 17:05:51.548,0,0
04-07-2024 17:05:51.559,0,0
04-07-2024 17:05:51.566,0,0
04-07-2024 17:05:51.575,0,0
04-07-2024 17:05:51.582,0,0
04-07-2024 17:05:51.591,0,0
04-07-2024 17:05:51.599,0,0
04-07-2024 17:05:51.607,0,0
04-07-2024 17:05:51.617,0,0
04-07-2024 17:05:51.624,0,0
04-07-2024 17:05:51.633,0,0
04-07-2024 17:05:51.639,0,0
04-07-2024 17:05:51.648,0,0
04-07-2024 17:05:51.659,0,0
04-07-2024 17:05:51.666,0,0
04-07-2024 17:05:51.674,0,0
04-07-2024 17:05:51.682,0,0
04-07-2024 17:05:51.691,0,0
04-07-2024 17:05:51.699,0,0
04-07-2024 17:05:51.707,0,0
04-07-2024 17:05:51.717,0,0
04-07-2024 17:05:51.724,0,0
04-07-2024 17:05:51.734,0,0
04-07-2024 17:05:51.741,0,0
04-07-2024 17:05:51.750,0,0
04-07-2024 17:05:51.758,0,0
04-07-2024 17:05:51.766,0,0
04-07-2024 17:05:51.776,0,0
04-07-2024 17:05:51.782,0,0
04-07-2024 17:05:51.792,0,0
04-07-2024 17:05:51.799,0,0
04-07-2024 17:05:51.808,0,0
04-07-2024 17:05:51.818,0,0
04-07-2024 17:05:51.825,0,0
04-07-2024 17:05:51.833,0,0
04-07-2024 17:05:51.841,0,0
04-07-2024 17:05:51.848,0,0
04-07-2024 17:05:51.859,0,0
04-07-2024 17:05:51.865,0,0
04-07-2024 17:05:51.876,0,0
04-07-2024 17:05:51.882,0,0
04-07-2024 17:05:51.891,0,0
04-07-2024 17:05:51.899,0,0
04-07-2024 17:05:51.907,0,0
04-07-2024 17:05:51.918,0,0
04-07-2024 17:05:51.924,0,0
04-07-2024 17:05:51.933,0,0
04-07-2024 17:05:51.941,0,0
04-07-2024 17:05:51.949,0,0
04-07-2024 17:05:51.957,0,0
04-07-2024 17:05:51.966,0,0
04-07-2024 17:05:51.974,0,0
04-07-2024 17:05:51.983,0,0
04-07-2024 17:05:51.991,0,0
04-07-2024 17:05:51.998,0,0
04-07-2024 17:05:52.005,0,0
04-07-2024 17:05:52.016,0,0
04-07-2024 17:05:52.023,0,0
04-07-2024 17:05:52.033,0,0
04-07-2024 17:05:52.040,0,0
04-07-2024 17:05:52.047,0,0
04-07-2024 17:05:52.059,0,0
04-07-2024 17:05:52.064,0,0
04-07-2024 17:05:52.075,0,0
04-07-2024 17:05:52.082,0,0
04-07-2024 17:05:52.092,0,0
04-07-2024 17:05:52.099,0,0
04-07-2024 17:05:52.108,0,0
04-07-2024 17:05:52.117,0,0
04-07-2024 17:05:52.125,0,0
04-07-2024 17:05:52.134,0,0
04-07-2024 17:05:52.140,0,0
04-07-2024 17:05:52.150,0,0
04-07-2024 17:05:52.157,0,0
04-07-2024 17:05:52.166,0,0
04-07-2024 17:05:52.174,0,0
04-07-2024 17:05:52.182,0,0
04-07-2024 17:05:52.193,0,0
04-07-2024 17:05:52.199,0,0
04-07-2024 17:05:52.206,0,0
04-07-2024 17:05:52.217,0,0
04-07-2024 17:05:52.223,0,0
04-07-2024 17:05:52.234,0,0
04-07-2024 17:05:52.239,0,0
04-07-2024 17:05:52.249,0,0
04-07-2024 17:05:52.258,0,0
04-07-2024 17:05:52.266,0,0
04-07-2024 17:05:52.276,0,0
04-07-2024 17:05:52.282,0,0
04-07-2024 17:05:52.291,0,0
04-07-2024 17:05:52.298,0,0
04-07-2024 17:05:52.307,0,0
04-07-2024 17:05:52.316,0,0
04-07-2024 17:05:52.324,0,0
04-07-2024 17:05:52.333,0,0
04-07-2024 17:05:52.340,0,0
04-07-2024 17:05:52.348,0,0
04-07-2024 17:05:52.359,0,0
04-07-2024 17:05:52.366,0,0
04-07-2024 17:05:52.375,0,0
04-07-2024 17:05:52.382,0,0
04-07-2024 17:05:52.392,0,0
04-07-2024 17:05:52.398,0,0
04-07-2024 17:05:52.407,0,0
04-07-2024 17:05:52.417,0,0
04-07-2024 17:05:52.424,0,0
04-07-2024 17:05:52.433,0,0
04-07-2024 17:05:52.440,0,0
04-07-2024 17:05:52.449,0,0
04-07-2024 17:05:52.457,0,0
04-07-2024 17:05:52.466,0,0
04-07-2024 17:05:52.474,0,0
04-07-2024 17:05:52.481,0,0
04-07-2024 17:05:52.491,0,0
04-07-2024 17:05:52.498,0,0
04-07-2024 17:05:52.508,0,0
04-07-2024 17:05:52.517,0,0
04-07-2024 17:05:52.525,0,0
04-07-2024 17:05:52.534,0,0
04-07-2024 17:05:52.541,0,0
04-07-2024 17:05:52.550,0,0
04-07-2024 17:05:52.556,0,0
04-07-2024 17:05:52.565,0,0
04-07-2024 17:05:52.573,0,0
04-07-2024 17:05:52.581,0,0
04-07-2024 17:05:52.591,0,0
04-07-2024 17:05:52.599,0,0
04-07-2024 17:05:52.608,0,0
04-07-2024 17:05:52.617,0,0
04-07-2024 17:05:52.622,0,0
04-07-2024 17:05:52.634,0,0
04-07-2024 17:05:52.650,0,0
04-07-2024 17:05:52.658,0,0
04-07-2024 17:05:52.666,0,0
04-07-2024 17:05:52.677,0,0
04-07-2024 17:05:52.684,0,0
04-07-2024 17:05:52.691,0,0
04-07-2024 17:05:52.701,0,0
04-07-2024 17:05:52.707,0,0
04-07-2024 17:05:52.719,0,0
04-07-2024 17:05:52.728,0,0
04-07-2024 17:05:52.741,0,0
04-07-2024 17:05:52.749,0,0
04-07-2024 17:05:52.757,0,0
04-07-2024 17:05:52.765,0,0
04-07-2024 17:05:52.776,0,0
04-07-2024 17:05:52.782,0,0
04-07-2024 17:05:52.792,0,0
04-07-2024 17:05:52.805,0,0
04-07-2024 17:05:52.816,0,0
04-07-2024 17:05:52.823,0,0
04-07-2024 17:05:52.836,0,0
04-07-2024 17:05:52.842,0,0
04-07-2024 17:05:52.855,0,0
04-07-2024 17:05:52.863,0,0
04-07-2024 17:05:52.875,0,0
04-07-2024 17:05:52.882,0,0
04-07-2024 17:05:52.889,0,0
04-07-2024 17:05:52.898,0,0
04-07-2024 17:05:52.907,0,0
04-07-2024 17:05:52.918,0,0
04-07-2024 17:05:52.924,0,0
04-07-2024 17:05:52.930,0,0
04-07-2024 17:05:52.937,0,0
04-07-2024 17:05:52.944,0,0
04-07-2024 17:05:52.955,0,0
04-07-2024 17:05:52.961,0,0
04-07-2024 17:05:52.972,0,0
04-07-2024 17:05:52.978,0,0
04-07-2024 17:05:52.986,0,0
04-07-2024 17:05:52.997,0,0
04-07-2024 17:05:53.004,0,0
04-07-2024 17:05:53.013,0,0
04-07-2024 17:05:53.020,0,0
04-07-2024 17:05:53.029,0,0
04-07-2024 17:05:53.036,0,0
04-07-2024 17:05:53.046,0,0
04-07-2024 17:05:53.059,0,0
04-07-2024 17:05:53.068,0,0
04-07-2024 17:05:53.074,0,0
04-07-2024 17:05:53.081,0,0
04-07-2024 17:05:53.088,0,0
04-07-2024 17:05:53.100,0,0
04-07-2024 17:05:53.105,0,0
04-07-2024 17:05:53.119,0,0
04-07-2024 17:05:53.123,0,0
04-07-2024 17:05:53.132,0,0
04-07-2024 17:05:53.139,0,0
04-07-2024 17:05:53.146,0,0
04-07-2024 17:05:53.159,0,0
04-07-2024 17:05:53.168,0,0
04-07-2024 17:05:53.177,0,0
04-07-2024 17:05:53.184,0,0
04-07-2024 17:05:53.192,0,0
04-07-2024 17:05:53.197,0,0
04-07-2024 17:05:53.206,0,0
04-07-2024 17:05:53.215,0,0
04-07-2024 17:05:53.223,0,0
04-07-2024 17:05:53.233,0,0
04-07-2024 17:05:53.239,0,0
04-07-2024 17:05:53.257,0,0
04-07-2024 17:05:53.264,0,0
04-07-2024 17:05:53.277,0,0
04-07-2024 17:05:53.283,0,0
04-07-2024 17:05:53.292,0,0
04-07-2024 17:05:53.297,0,0
04-07-2024 17:05:53.305,0,0
04-07-2024 17:05:53.315,0,0
04-07-2024 17:05:53.321,0,0
04-07-2024 17:05:53.331,0,0
04-07-2024 17:05:53.338,0,0
04-07-2024 17:05:53.347,0,0
04-07-2024 17:05:53.357,0,0
04-07-2024 17:05:53.364,0,0
04-07-2024 17:05:53.374,0,0
04-07-2024 17:05:53.382,0,0
04-07-2024 17:05:53.388,0,0
04-07-2024 17:05:53.398,0,0
04-07-2024 17:05:53.405,0,0
04-07-2024 17:05:53.415,0,0
04-07-2024 17:05:53.421,0,0
04-07-2024 17:05:53.431,0,0
04-07-2024 17:05:53.437,0,0
04-07-2024 17:05:53.446,0,0
04-07-2024 17:05:53.466,0,0
04-07-2024 17:05:53.473,0,0
04-07-2024 17:05:53.481,0,0
04-07-2024 17:05:53.488,0,0
04-07-2024 17:05:53.499,0,0
04-07-2024 17:05:53.505,0,0
04-07-2024 17:05:53.515,0,0
04-07-2024 17:05:53.521,0,0
04-07-2024 17:05:53.532,0,0
04-07-2024 17:05:53.538,0,0
04-07-2024 17:05:53.546,0,0
04-07-2024 17:05:53.557,0,0
04-07-2024 17:05:53.563,0,0
04-07-2024 17:05:53.572,0,0
04-07-2024 17:05:53.580,0,0
04-07-2024 17:05:53.590,0,0
04-07-2024 17:05:53.596,0,0
04-07-2024 17:05:53.605,0,0
04-07-2024 17:05:53.615,0,0
04-07-2024 17:05:53.622,0,0
04-07-2024 17:05:53.632,0,0
04-07-2024 17:05:53.638,0,0
04-07-2024 17:05:53.646,0,0
04-07-2024 17:05:53.657,0,0
04-07-2024 17:05:53.665,0,0
04-07-2024 17:05:53.673,0,0
04-07-2024 17:05:53.684,0,0
04-07-2024 17:05:53.691,0,0
04-07-2024 17:05:53.699,0,0
04-07-2024 17:05:53.706,0,0
04-07-2024 17:05:53.718,0,0
04-07-2024 17:05:53.725,0,0
04-07-2024 17:05:53.734,0,0
04-07-2024 17:05:53.740,0,0
04-07-2024 17:05:53.752,0,0
04-07-2024 17:05:53.761,0,0
04-07-2024 17:05:53.771,0,0
04-07-2024 17:05:53.778,0,0
04-07-2024 17:05:53.785,0,0
04-07-2024 17:05:53.796,0,0
04-07-2024 17:05:53.807,0,0
04-07-2024 17:05:53.816,0,0
04-07-2024 17:05:53.833,0,0
04-07-2024 17:05:53.851,0,0
04-07-2024 17:05:53.859,0,0
04-07-2024 17:05:53.866,0,0
04-07-2024 17:05:53.875,0,0
04-07-2024 17:05:53.882,0,0
04-07-2024 17:05:53.891,0,0
04-07-2024 17:05:53.897,0,0
04-07-2024 17:05:53.906,0,0
04-07-2024 17:05:53.916,0,0
04-07-2024 17:05:53.923,0,0
04-07-2024 17:05:53.933,0,0
04-07-2024 17:05:53.940,0,0
04-07-2024 17:05:53.948,0,0
04-07-2024 17:05:53.957,0,0
04-07-2024 17:05:53.963,0,0
04-07-2024 17:05:53.973,0,0
04-07-2024 17:05:53.980,0,0
04-07-2024 17:05:53.987,0,0
04-07-2024 17:05:53.997,0,0
04-07-2024 17:05:54.006,0,0
04-07-2024 17:05:54.015,0,0
04-07-2024 17:05:54.020,0,0
04-07-2024 17:05:54.031,0,0
04-07-2024 17:05:54.038,0,0
04-07-2024 17:05:54.047,0,0
04-07-2024 17:05:54.056,0,0
04-07-2024 17:05:54.063,0,0
04-07-2024 17:05:54.077,0,0
04-07-2024 17:05:54.083,0,0
04-07-2024 17:05:54.090,0,0
04-07-2024 17:05:54.098,0,0
04-07-2024 17:05:54.105,0,0
04-07-2024 17:05:54.116,0,0
04-07-2024 17:05:54.122,0,0
04-07-2024 17:05:54.132,0,0
04-07-2024 17:05:54.138,0,0
04-07-2024 17:05:54.147,0,0
04-07-2024 17:05:54.157,0,0
04-07-2024 17:05:54.165,0,0
04-07-2024 17:05:54.173,0,0
04-07-2024 17:05:54.181,0,0
04-07-2024 17:05:54.191,0,0
04-07-2024 17:05:54.197,0,0
04-07-2024 17:05:54.206,0,0
04-07-2024 17:05:54.214,0,0
04-07-2024 17:05:54.223,0,0
04-07-2024 17:05:54.231,0,0
04-07-2024 17:05:54.238,0,0
04-07-2024 17:05:54.247,0,0
04-07-2024 17:05:54.258,0,0
04-07-2024 17:05:54.264,0,0
04-07-2024 17:05:54.274,0,0
04-07-2024 17:05:54.282,0,0
04-07-2024 17:05:54.291,0,0
04-07-2024 17:05:54.297,0,0
04-07-2024 17:05:54.304,0,0
04-07-2024 17:05:54.315,0,0
04-07-2024 17:05:54.321,0,0
04-07-2024 17:05:54.331,0,0
04-07-2024 17:05:54.339,0,0
04-07-2024 17:05:54.346,0,0
04-07-2024 17:05:54.356,0,0
04-07-2024 17:05:54.365,0,0
04-07-2024 17:05:54.374,0,0
04-07-2024 17:05:54.382,0,0
04-07-2024 17:05:54.389,0,0
04-07-2024 17:05:54.398,0,0
04-07-2024 17:05:54.406,0,0
04-07-2024 17:05:54.415,0,0
04-07-2024 17:05:54.422,0,0
04-07-2024 17:05:54.431,0,0
04-07-2024 17:05:54.439,0,0
04-07-2024 17:05:54.447,0,0
04-07-2024 17:05:54.457,0,0
04-07-2024 17:05:54.465,0,0
04-07-2024 17:05:54.473,0,0
04-07-2024 17:05:54.479,0,0
04-07-2024 17:05:54.490,0,0
04-07-2024 17:05:54.497,0,0
04-07-2024 17:05:54.505,0,0
04-07-2024 17:05:54.515,0,0
04-07-2024 17:05:54.522,0,0
04-07-2024 17:05:54.531,0,0
04-07-2024 17:05:54.540,0,0
04-07-2024 17:05:54.547,0,0
04-07-2024 17:05:54.556,0,0
04-07-2024 17:05:54.564,0,0
04-07-2024 17:05:54.573,0,0
04-07-2024 17:05:54.580,0,0
04-07-2024 17:05:54.589,0,0
04-07-2024 17:05:54.598,0,0
04-07-2024 17:05:54.606,0,0
04-07-2024 17:05:54.614,0,0
04-07-2024 17:05:54.622,0,0
04-07-2024 17:05:54.631,0,0
04-07-2024 17:05:54.638,0,0
04-07-2024 17:05:54.651,0,0
04-07-2024 17:05:54.657,0,0
04-07-2024 17:05:54.664,0,0
04-07-2024 17:05:54.676,0,0
04-07-2024 17:05:54.693,0,0
04-07-2024 17:05:54.700,0,0
04-07-2024 17:05:54.707,0,0
04-07-2024 17:05:54.717,0,0
04-07-2024 17:05:54.726,0,0
04-07-2024 17:05:54.736,0,0
04-07-2024 17:05:54.745,0,0
04-07-2024 17:05:54.754,0,0
04-07-2024 17:05:54.761,0,0
04-07-2024 17:05:54.772,0,0
04-07-2024 17:05:54.778,0,0
04-07-2024 17:05:54.784,0,0
04-07-2024 17:05:54.795,0,0
04-07-2024 17:05:54.803,0,0
04-07-2024 17:05:54.811,0,0
04-07-2024 17:05:54.817,0,0
04-07-2024 17:05:54.827,0,0
04-07-2024 17:05:54.837,0,0
04-07-2024 17:05:54.844,0,0
04-07-2024 17:05:54.852,0,0
04-07-2024 17:05:54.861,0,0
04-07-2024 17:05:54.871,0,0
04-07-2024 17:05:54.877,0,0
04-07-2024 17:05:54.884,0,0
04-07-2024 17:05:54.894,0,0
04-07-2024 17:05:54.902,0,0
04-07-2024 17:05:54.912,0,0
04-07-2024 17:05:54.918,0,0
04-07-2024 17:05:54.927,0,0
04-07-2024 17:05:54.935,0,0
04-07-2024 17:05:54.944,0,0
04-07-2024 17:05:54.953,0,0
04-07-2024 17:05:54.959,0,0
04-07-2024 17:05:54.968,0,0
04-07-2024 17:05:54.978,0,0
04-07-2024 17:05:54.987,0,0
04-07-2024 17:05:54.994,0,0
04-07-2024 17:05:55.002,0,0
04-07-2024 17:05:55.011,0,0
04-07-2024 17:05:55.018,0,0
04-07-2024 17:05:55.026,0,0
04-07-2024 17:05:55.036,0,0
04-07-2024 17:05:55.043,0,0
04-07-2024 17:05:55.053,0,0
04-07-2024 17:05:55.060,0,0
04-07-2024 17:05:55.068,0,0
04-07-2024 17:05:55.078,0,0
04-07-2024 17:05:55.085,0,0
04-07-2024 17:05:55.095,0,0
04-07-2024 17:05:55.102,0,0
04-07-2024 17:05:55.112,0,0
04-07-2024 17:05:55.118,0,0
04-07-2024 17:05:55.126,0,0
04-07-2024 17:05:55.136,0,0
04-07-2024 17:05:55.144,0,0
04-07-2024 17:05:55.153,0,0
04-07-2024 17:05:55.160,0,0
04-07-2024 17:05:55.167,0,0
04-07-2024 17:05:55.178,0,0
04-07-2024 17:05:55.184,0,0
04-07-2024 17:05:55.194,0,0
04-07-2024 17:05:55.201,0,0
04-07-2024 17:05:55.211,0,0
04-07-2024 17:05:55.218,0,0
04-07-2024 17:05:55.226,0,0
04-07-2024 17:05:55.236,0,0
04-07-2024 17:05:55.242,0,0
04-07-2024 17:05:55.254,0,0
04-07-2024 17:05:55.259,0,0
04-07-2024 17:05:55.268,0,0
04-07-2024 17:05:55.278,0,0
04-07-2024 17:05:55.284,0,0
04-07-2024 17:05:55.293,0,0
04-07-2024 17:05:55.301,0,0
04-07-2024 17:05:55.312,0,0
04-07-2024 17:05:55.317,0,0
04-07-2024 17:05:55.325,0,0
04-07-2024 17:05:55.337,0,0
04-07-2024 17:05:55.341,0,0
04-07-2024 17:05:55.353,0,0
04-07-2024 17:05:55.359,0,0
04-07-2024 17:05:55.368,0,0
04-07-2024 17:05:55.377,0,0
04-07-2024 17:05:55.384,0,0
04-07-2024 17:05:55.394,0,0
04-07-2024 17:05:55.401,0,0
04-07-2024 17:05:55.411,0,0
04-07-2024 17:05:55.417,0,0
04-07-2024 17:05:55.427,0,0
04-07-2024 17:05:55.435,0,0
04-07-2024 17:05:55.443,0,0
04-07-2024 17:05:55.452,0,0
04-07-2024 17:05:55.461,0,0
04-07-2024 17:05:55.468,0,0
04-07-2024 17:05:55.479,0,0
04-07-2024 17:05:55.484,0,0
04-07-2024 17:05:55.493,0,0
04-07-2024 17:05:55.511,0,0
04-07-2024 17:05:55.519,0,0
04-07-2024 17:05:55.526,0,0
04-07-2024 17:05:55.537,0,0
04-07-2024 17:05:55.545,0,0
04-07-2024 17:05:55.554,0,0
04-07-2024 17:05:55.562,0,0
04-07-2024 17:05:55.568,0,0
04-07-2024 17:05:55.579,0,0
04-07-2024 17:05:55.585,0,0
04-07-2024 17:05:55.596,0,0
04-07-2024 17:05:55.601,0,0
04-07-2024 17:05:55.614,0,0
04-07-2024 17:05:55.619,0,0
04-07-2024 17:05:55.625,0,0
04-07-2024 17:05:55.636,0,0
04-07-2024 17:05:55.643,0,0
04-07-2024 17:05:55.654,0,0
04-07-2024 17:05:55.659,0,0
04-07-2024 17:05:55.668,0,0
04-07-2024 17:05:55.676,0,0
04-07-2024 17:05:55.685,0,0
04-07-2024 17:05:55.695,0,0
04-07-2024 17:05:55.712,0,0
04-07-2024 17:05:55.719,0,0
04-07-2024 17:05:55.727,0,0
04-07-2024 17:05:55.737,0,0
04-07-2024 17:05:55.743,0,0
04-07-2024 17:05:55.752,0,0
04-07-2024 17:05:55.759,0,0
04-07-2024 17:05:55.768,0,0
04-07-2024 17:05:55.777,0,0
04-07-2024 17:05:55.784,0,0
04-07-2024 17:05:55.794,0,0
04-07-2024 17:05:55.801,0,0
04-07-2024 17:05:55.811,0,0
04-07-2024 17:05:55.818,0,0
04-07-2024 17:05:55.827,0,0
04-07-2024 17:05:55.836,0,0
04-07-2024 17:05:55.843,0,0
04-07-2024 17:05:55.851,0,0
04-07-2024 17:05:55.859,0,0
04-07-2024 17:05:55.867,0,0
04-07-2024 17:05:55.878,0,0
04-07-2024 17:05:55.884,0,0
04-07-2024 17:05:55.894,0,0
04-07-2024 17:05:55.911,0,0
04-07-2024 17:05:55.918,0,0
04-07-2024 17:05:55.926,0,0
04-07-2024 17:05:55.936,0,0
04-07-2024 17:05:55.943,0,0
04-07-2024 17:05:55.951,0,0
04-07-2024 17:05:55.959,0,0
04-07-2024 17:05:55.967,0,0
04-07-2024 17:05:55.977,0,0
04-07-2024 17:05:55.984,0,0
04-07-2024 17:05:55.994,0,0
04-07-2024 17:05:56.001,0,0
04-07-2024 17:05:56.010,0,0
04-07-2024 17:05:56.018,0,0
04-07-2024 17:05:56.026,0,0
04-07-2024 17:05:56.036,0,0
04-07-2024 17:05:56.042,0,0
04-07-2024 17:05:56.053,0,0
04-07-2024 17:05:56.059,0,0
04-07-2024 17:05:56.067,0,0
04-07-2024 17:05:56.077,0,0
04-07-2024 17:05:56.085,0,0
04-07-2024 17:05:56.093,0,0
04-07-2024 17:05:56.101,0,0
04-07-2024 17:05:56.119,0,0
04-07-2024 17:05:56.126,0,0
04-07-2024 17:05:56.136,0,0
04-07-2024 17:05:56.143,0,0
04-07-2024 17:05:56.154,0,0
04-07-2024 17:05:56.159,0,0
04-07-2024 17:05:56.168,0,0
04-07-2024 17:05:56.178,0,0
04-07-2024 17:05:56.185,0,0
04-07-2024 17:05:56.195,0,0
04-07-2024 17:05:56.201,0,0
04-07-2024 17:05:56.211,0,0
04-07-2024 17:05:56.218,0,0
04-07-2024 17:05:56.227,0,0
04-07-2024 17:05:56.235,0,0
04-07-2024 17:05:56.244,0,0
04-07-2024 17:05:56.252,0,0
04-07-2024 17:05:56.259,0,0
04-07-2024 17:05:56.267,0,0
04-07-2024 17:05:56.277,0,0
04-07-2024 17:05:56.285,0,0
04-07-2024 17:05:56.295,0,0
04-07-2024 17:05:56.302,0,0
04-07-2024 17:05:56.319,0,0
04-07-2024 17:05:56.325,0,0
04-07-2024 17:05:56.336,0,0
04-07-2024 17:05:56.343,0,0
04-07-2024 17:05:56.353,0,0
04-07-2024 17:05:56.358,0,0
04-07-2024 17:05:56.368,0,0
04-07-2024 17:05:56.377,0,0
04-07-2024 17:05:56.384,0,0
04-07-2024 17:05:56.394,0,0
04-07-2024 17:05:56.402,0,0
04-07-2024 17:05:56.411,0,0
04-07-2024 17:05:56.418,0,0
04-07-2024 17:05:56.426,0,0
04-07-2024 17:05:56.436,0,0
04-07-2024 17:05:56.444,0,0
04-07-2024 17:05:56.453,0,0
04-07-2024 17:05:56.460,0,0
04-07-2024 17:05:56.468,0,0
04-07-2024 17:05:56.478,0,0
04-07-2024 17:05:56.484,0,0
04-07-2024 17:05:56.494,0,0
04-07-2024 17:05:56.501,0,0
04-07-2024 17:05:56.510,0,0
04-07-2024 17:05:56.526,0,0
04-07-2024 17:05:56.536,0,0
04-07-2024 17:05:56.543,0,0
04-07-2024 17:05:56.553,0,0
04-07-2024 17:05:56.559,0,0
04-07-2024 17:05:56.568,0,0
04-07-2024 17:05:56.578,0,0
04-07-2024 17:05:56.584,0,0
04-07-2024 17:05:56.594,0,0
04-07-2024 17:05:56.601,0,0
04-07-2024 17:05:56.611,0,0
04-07-2024 17:05:56.618,0,0
04-07-2024 17:05:56.626,0,0
04-07-2024 17:05:56.636,0,0
04-07-2024 17:05:56.642,0,0
04-07-2024 17:05:56.652,0,0
04-07-2024 17:05:56.660,0,0
04-07-2024 17:05:56.667,0,0
04-07-2024 17:05:56.678,0,0
04-07-2024 17:05:56.685,0,0
04-07-2024 17:05:56.694,0,0
04-07-2024 17:05:56.702,0,0
04-07-2024 17:05:56.709,0,0
04-07-2024 17:05:56.718,0,0
04-07-2024 17:05:56.736,0,0
04-07-2024 17:05:56.742,0,0
04-07-2024 17:05:56.752,0,0
04-07-2024 17:05:56.759,0,0
04-07-2024 17:05:56.768,0,0
04-07-2024 17:05:56.778,0,0
04-07-2024 17:05:56.786,0,0
04-07-2024 17:05:56.793,0,0
04-07-2024 17:05:56.801,0,0
04-07-2024 17:05:56.810,0,0
04-07-2024 17:05:56.817,0,0
04-07-2024 17:05:56.826,0,0
04-07-2024 17:05:56.835,0,0
04-07-2024 17:05:56.843,0,0
04-07-2024 17:05:56.852,0,0
04-07-2024 17:05:56.859,0,0
04-07-2024 17:05:56.867,0,0
04-07-2024 17:05:56.877,0,0
04-07-2024 17:05:56.884,0,0
04-07-2024 17:05:56.894,0,0
04-07-2024 17:05:56.901,0,0
04-07-2024 17:05:56.911,0,0
04-07-2024 17:05:56.918,0,0
04-07-2024 17:05:56.926,0,0
04-07-2024 17:05:56.942,0,0
04-07-2024 17:05:56.952,0,0
04-07-2024 17:05:56.959,0,0
04-07-2024 17:05:56.968,0,0
04-07-2024 17:05:56.976,0,0
04-07-2024 17:05:56.985,0,0
04-07-2024 17:05:56.994,0,0
04-07-2024 17:05:57.001,0,0
04-07-2024 17:05:57.011,0,0
04-07-2024 17:05:57.017,0,0
04-07-2024 17:05:57.025,0,0
04-07-2024 17:05:57.034,0,0
04-07-2024 17:05:57.042,0,0
04-07-2024 17:05:57.051,0,0
04-07-2024 17:05:57.059,0,0
04-07-2024 17:05:57.068,0,0
04-07-2024 17:05:57.077,0,0
04-07-2024 17:05:57.092,0,0
04-07-2024 17:05:57.096,0,0
04-07-2024 17:05:57.103,0,0
04-07-2024 17:05:57.113,0,0
04-07-2024 17:05:57.121,0,0
04-07-2024 17:05:57.128,0,0
04-07-2024 17:05:57.145,0,0
04-07-2024 17:05:57.155,0,0
04-07-2024 17:05:57.160,0,0
04-07-2024 17:05:57.170,0,0
04-07-2024 17:05:57.178,0,0
04-07-2024 17:05:57.186,0,0
04-07-2024 17:05:57.195,0,0
04-07-2024 17:05:57.203,0,0
04-07-2024 17:05:57.212,0,0
04-07-2024 17:05:57.220,0,0
04-07-2024 17:05:57.230,0,0
04-07-2024 17:05:57.236,0,0
04-07-2024 17:05:57.245,0,0
04-07-2024 17:05:57.255,0,0
04-07-2024 17:05:57.261,0,0
04-07-2024 17:05:57.270,0,0
04-07-2024 17:05:57.278,0,0
04-07-2024 17:05:57.286,0,0
04-07-2024 17:05:57.296,0,0
04-07-2024 17:05:57.303,0,0
04-07-2024 17:05:57.314,0,0
04-07-2024 17:05:57.320,0,0
04-07-2024 17:05:57.331,0,0
04-07-2024 17:05:57.345,0,0
04-07-2024 17:05:57.354,0,0
04-07-2024 17:05:57.361,0,0
04-07-2024 17:05:57.371,0,0
04-07-2024 17:05:57.378,0,0
04-07-2024 17:05:57.387,0,0
04-07-2024 17:05:57.395,0,0
04-07-2024 17:05:57.403,0,0
04-07-2024 17:05:57.412,0,0
04-07-2024 17:05:57.420,0,0
04-07-2024 17:05:57.427,0,0
04-07-2024 17:05:57.437,0,0
04-07-2024 17:05:57.445,0,0
04-07-2024 17:05:57.454,0,0
04-07-2024 17:05:57.461,0,0
04-07-2024 17:05:57.471,0,0
04-07-2024 17:05:57.477,0,0
04-07-2024 17:05:57.486,0,0
04-07-2024 17:05:57.496,0,0
04-07-2024 17:05:57.503,0,0
04-07-2024 17:05:57.514,0,0
04-07-2024 17:05:57.519,0,0
04-07-2024 17:05:57.527,0,0
04-07-2024 17:05:57.537,0,0
04-07-2024 17:05:57.554,0,0
04-07-2024 17:05:57.561,0,0
04-07-2024 17:05:57.570,0,0
04-07-2024 17:05:57.577,0,0
04-07-2024 17:05:57.586,0,0
04-07-2024 17:05:57.595,0,0
04-07-2024 17:05:57.602,0,0
04-07-2024 17:05:57.613,0,0
04-07-2024 17:05:57.619,0,0
04-07-2024 17:05:57.627,0,0
04-07-2024 17:05:57.636,0,0
04-07-2024 17:05:57.644,0,0
04-07-2024 17:05:57.655,0,0
04-07-2024 17:05:57.661,0,0
04-07-2024 17:05:57.671,0,0
04-07-2024 17:05:57.678,0,0
04-07-2024 17:05:57.687,0,0
04-07-2024 17:05:57.696,0,0
04-07-2024 17:05:57.702,0,0
04-07-2024 17:05:57.712,0,0
04-07-2024 17:05:57.720,0,0
04-07-2024 17:05:57.728,0,0
04-07-2024 17:05:57.736,0,0
04-07-2024 17:05:57.744,0,0
04-07-2024 17:05:57.763,0,0
04-07-2024 17:05:57.771,0,0
04-07-2024 17:05:57.777,0,0
04-07-2024 17:05:57.786,0,0
04-07-2024 17:05:57.796,0,0
04-07-2024 17:05:57.803,0,0
04-07-2024 17:05:57.812,0,0
04-07-2024 17:05:57.820,0,0
04-07-2024 17:05:57.828,0,0
04-07-2024 17:05:57.837,0,0
04-07-2024 17:05:57.845,0,0
04-07-2024 17:05:57.853,0,0
04-07-2024 17:05:57.862,0,0
04-07-2024 17:05:57.871,0,0
04-07-2024 17:05:57.878,0,0
04-07-2024 17:05:57.886,0,0
04-07-2024 17:05:57.895,0,0
04-07-2024 17:05:57.903,0,0
04-07-2024 17:05:57.912,0,0
04-07-2024 17:05:57.919,0,0
04-07-2024 17:05:57.927,0,0
04-07-2024 17:05:57.938,0,0
04-07-2024 17:05:57.944,0,0
04-07-2024 17:05:57.962,0,0
04-07-2024 17:05:57.970,0,0
04-07-2024 17:05:57.978,0,0
04-07-2024 17:05:57.985,0,0
04-07-2024 17:05:57.995,0,0
04-07-2024 17:05:58.002,0,0
04-07-2024 17:05:58.013,0,0
04-07-2024 17:05:58.019,0,0
04-07-2024 17:05:58.028,0,0
04-07-2024 17:05:58.036,0,0
04-07-2024 17:05:58.044,0,0
04-07-2024 17:05:58.055,0,0
04-07-2024 17:05:58.061,0,0
04-07-2024 17:05:58.071,0,0
04-07-2024 17:05:58.078,0,0
04-07-2024 17:05:58.087,0,0
04-07-2024 17:05:58.097,0,0
04-07-2024 17:05:58.102,0,0
04-07-2024 17:05:58.121,0,0
04-07-2024 17:05:58.127,0,0
04-07-2024 17:05:58.132,0,0
04-07-2024 17:05:58.139,0,0
04-07-2024 17:05:58.148,0,0
04-07-2024 17:05:58.157,0,0
04-07-2024 17:05:58.165,0,0
04-07-2024 17:05:58.173,0,0
04-07-2024 17:05:58.180,0,0
04-07-2024 17:05:58.188,0,0
04-07-2024 17:05:58.198,0,0
04-07-2024 17:05:58.205,0,0
04-07-2024 17:05:58.215,0,0
04-07-2024 17:05:58.222,0,0
04-07-2024 17:05:58.232,0,0
04-07-2024 17:05:58.238,0,0
04-07-2024 17:05:58.246,0,0
04-07-2024 17:05:58.257,0,0
04-07-2024 17:05:58.264,0,0
04-07-2024 17:05:58.273,0,0
04-07-2024 17:05:58.282,0,0
04-07-2024 17:05:58.290,0,0
04-07-2024 17:05:58.297,0,0
04-07-2024 17:05:58.305,0,0
04-07-2024 17:05:58.315,0,0
04-07-2024 17:05:58.322,0,0
04-07-2024 17:05:58.332,0,0
04-07-2024 17:05:58.338,0,0
04-07-2024 17:05:58.347,0,0
04-07-2024 17:05:58.357,0,0
04-07-2024 17:05:58.363,0,0
04-07-2024 17:05:58.373,0,0
04-07-2024 17:05:58.380,0,0
04-07-2024 17:05:58.390,0,0
04-07-2024 17:05:58.396,0,0
04-07-2024 17:05:58.405,0,0
04-07-2024 17:05:58.415,0,0
04-07-2024 17:05:58.422,0,0
04-07-2024 17:05:58.431,0,0
04-07-2024 17:05:58.438,0,0
04-07-2024 17:05:58.447,0,0
04-07-2024 17:05:58.456,0,0
04-07-2024 17:05:58.464,0,0
04-07-2024 17:05:58.473,0,0
04-07-2024 17:05:58.481,0,0
04-07-2024 17:05:58.492,0,0
04-07-2024 17:05:58.498,0,0
04-07-2024 17:05:58.505,0,0
04-07-2024 17:05:58.515,0,0
04-07-2024 17:05:58.522,0,0
04-07-2024 17:05:58.531,0,0
04-07-2024 17:05:58.538,0,0
04-07-2024 17:05:58.547,0,0
04-07-2024 17:05:58.555,0,0
04-07-2024 17:05:58.563,0,0
04-07-2024 17:05:58.573,0,0
04-07-2024 17:05:58.579,0,0
04-07-2024 17:05:58.589,0,0
04-07-2024 17:05:58.598,0,0
04-07-2024 17:05:58.605,0,0
04-07-2024 17:05:58.614,0,0
04-07-2024 17:05:58.622,0,0
04-07-2024 17:05:58.632,0,0
04-07-2024 17:05:58.639,0,0
04-07-2024 17:05:58.647,0,0
04-07-2024 17:05:58.657,0,0
04-07-2024 17:05:58.664,0,0
04-07-2024 17:05:58.673,0,0
04-07-2024 17:05:58.679,0,0
04-07-2024 17:05:58.689,0,0
04-07-2024 17:05:58.696,0,0
04-07-2024 17:05:58.706,0,0
04-07-2024 17:05:58.715,0,0
04-07-2024 17:05:58.722,0,0
04-07-2024 17:05:58.732,0,0
04-07-2024 17:05:58.739,0,0
04-07-2024 17:05:58.748,0,0
04-07-2024 17:05:58.756,0,0
04-07-2024 17:05:58.763,0,0
04-07-2024 17:05:58.772,0,0
04-07-2024 17:05:58.781,0,0
04-07-2024 17:05:58.789,0,0
04-07-2024 17:05:58.804,0,0
04-07-2024 17:05:58.810,0,0
04-07-2024 17:05:58.815,0,0
04-07-2024 17:05:58.824,0,0
04-07-2024 17:05:58.833,0,0
04-07-2024 17:05:58.842,0,0
04-07-2024 17:05:58.848,0,0
04-07-2024 17:05:58.859,0,0
04-07-2024 17:05:58.865,0,0
04-07-2024 17:05:58.874,0,0
04-07-2024 17:05:58.883,0,0
04-07-2024 17:05:58.891,0,0
04-07-2024 17:05:58.898,0,0
04-07-2024 17:05:58.906,0,0
04-07-2024 17:05:58.917,0,0
04-07-2024 17:05:58.923,0,0
04-07-2024 17:05:58.933,0,0
04-07-2024 17:05:58.940,0,0
04-07-2024 17:05:58.950,0,0
04-07-2024 17:05:58.956,0,0
04-07-2024 17:05:58.965,0,0
04-07-2024 17:05:58.975,0,0
04-07-2024 17:05:58.983,0,0
04-07-2024 17:05:58.990,0,0
04-07-2024 17:05:58.997,0,0
04-07-2024 17:05:59.006,0,0
04-07-2024 17:05:59.016,0,0
04-07-2024 17:05:59.023,0,0
04-07-2024 17:05:59.032,0,0
04-07-2024 17:05:59.041,0,0
04-07-2024 17:05:59.048,0,0
04-07-2024 17:05:59.057,0,0
04-07-2024 17:05:59.064,0,0
04-07-2024 17:05:59.075,0,0
04-07-2024 17:05:59.082,0,0
04-07-2024 17:05:59.092,0,0
04-07-2024 17:05:59.105,0,0
04-07-2024 17:05:59.110,0,0
04-07-2024 17:05:59.116,0,0
04-07-2024 17:05:59.125,0,0
04-07-2024 17:05:59.135,0,0
04-07-2024 17:05:59.142,0,0
04-07-2024 17:05:59.152,0,0
04-07-2024 17:05:59.158,0,0
04-07-2024 17:05:59.168,0,0
04-07-2024 17:05:59.177,0,0
04-07-2024 17:05:59.184,0,0
04-07-2024 17:05:59.193,0,0
04-07-2024 17:05:59.200,0,0
04-07-2024 17:05:59.208,0,0
04-07-2024 17:05:59.217,0,0
04-07-2024 17:05:59.226,0,0
04-07-2024 17:05:59.234,0,0
04-07-2024 17:05:59.242,0,0
04-07-2024 17:05:59.252,0,0
04-07-2024 17:05:59.259,0,0
04-07-2024 17:05:59.267,0,0
04-07-2024 17:05:59.277,0,0
04-07-2024 17:05:59.283,0,0
04-07-2024 17:05:59.293,0,0
04-07-2024 17:05:59.301,0,0
04-07-2024 17:05:59.309,0,0
04-07-2024 17:05:59.318,0,0
04-07-2024 17:05:59.326,0,0
04-07-2024 17:05:59.334,0,0
04-07-2024 17:05:59.341,0,0
04-07-2024 17:05:59.351,0,0
04-07-2024 17:05:59.359,0,0
04-07-2024 17:05:59.366,0,0
04-07-2024 17:05:59.375,0,0
04-07-2024 17:05:59.384,0,0
04-07-2024 17:05:59.393,0,0
04-07-2024 17:05:59.402,0,0
04-07-2024 17:05:59.409,0,0
04-07-2024 17:05:59.416,0,0
04-07-2024 17:05:59.425,0,0
04-07-2024 17:05:59.435,0,0
04-07-2024 17:05:59.441,0,0
04-07-2024 17:05:59.451,0,0
04-07-2024 17:05:59.458,0,0
04-07-2024 17:05:59.467,0,0
04-07-2024 17:05:59.475,0,0
04-07-2024 17:05:59.483,0,0
04-07-2024 17:05:59.494,0,0
04-07-2024 17:05:59.500,0,0
04-07-2024 17:05:59.511,0,0
04-07-2024 17:05:59.517,0,0
04-07-2024 17:05:59.526,0,0
04-07-2024 17:05:59.535,0,0
04-07-2024 17:05:59.542,0,0
04-07-2024 17:05:59.551,0,0
04-07-2024 17:05:59.559,0,0
04-07-2024 17:05:59.567,0,0
04-07-2024 17:05:59.576,0,0
04-07-2024 17:05:59.584,0,0
04-07-2024 17:05:59.593,0,0
04-07-2024 17:05:59.601,0,0
04-07-2024 17:05:59.609,0,0
04-07-2024 17:05:59.619,0,0
04-07-2024 17:05:59.625,0,0
04-07-2024 17:05:59.635,0,0
04-07-2024 17:05:59.641,0,0
04-07-2024 17:05:59.652,0,0
04-07-2024 17:05:59.659,0,0
04-07-2024 17:05:59.668,0,0
04-07-2024 17:05:59.677,0,0
04-07-2024 17:05:59.684,0,0
04-07-2024 17:05:59.693,0,0
04-07-2024 17:05:59.700,0,0
04-07-2024 17:05:59.711,0,0
04-07-2024 17:05:59.717,0,0
04-07-2024 17:05:59.726,0,0
04-07-2024 17:05:59.735,0,0
04-07-2024 17:05:59.742,0,0
04-07-2024 17:05:59.752,0,0
04-07-2024 17:05:59.759,0,0
04-07-2024 17:05:59.767,0,0
04-07-2024 17:05:59.777,0,0
04-07-2024 17:05:59.784,0,0
04-07-2024 17:05:59.794,0,0
04-07-2024 17:05:59.801,0,0
04-07-2024 17:05:59.810,0,0
04-07-2024 17:05:59.817,0,0
04-07-2024 17:05:59.826,0,0
04-07-2024 17:05:59.836,0,0
04-07-2024 17:05:59.842,0,0
04-07-2024 17:05:59.851,0,0
04-07-2024 17:05:59.859,0,0
04-07-2024 17:05:59.868,0,0
04-07-2024 17:05:59.876,0,0
04-07-2024 17:05:59.885,0,0
04-07-2024 17:05:59.894,0,0
04-07-2024 17:05:59.902,0,0
04-07-2024 17:05:59.911,0,0
04-07-2024 17:05:59.919,0,0
04-07-2024 17:05:59.926,0,0
04-07-2024 17:05:59.936,0,0
04-07-2024 17:05:59.944,0,0
04-07-2024 17:05:59.953,0,0
04-07-2024 17:05:59.960,0,0
04-07-2024 17:05:59.971,0,0
04-07-2024 17:05:59.977,0,0
04-07-2024 17:05:59.995,0,0
04-07-2024 17:06:00.001,0,0
04-07-2024 17:06:00.015,0,0
04-07-2024 17:06:00.021,0,0
04-07-2024 17:06:00.028,0,0
04-07-2024 17:06:00.037,0,0
04-07-2024 17:06:00.043,0,0
04-07-2024 17:06:00.054,0,0
04-07-2024 17:06:00.061,0,0
04-07-2024 17:06:00.068,0,0
04-07-2024 17:06:00.078,0,0
04-07-2024 17:06:00.085,0,0
04-07-2024 17:06:00.095,0,0
04-07-2024 17:06:00.101,0,0
04-07-2024 17:06:00.111,0,0
04-07-2024 17:06:00.118,0,0
04-07-2024 17:06:00.126,0,0
04-07-2024 17:06:00.135,0,0
04-07-2024 17:06:00.144,0,0
04-07-2024 17:06:00.154,0,0
04-07-2024 17:06:00.161,0,0
04-07-2024 17:06:00.169,0,0
04-07-2024 17:06:00.178,0,0
04-07-2024 17:06:00.188,0,0
04-07-2024 17:06:00.195,0,0
04-07-2024 17:06:00.201,0,0
04-07-2024 17:06:00.212,0,0
04-07-2024 17:06:00.217,0,0
04-07-2024 17:06:00.225,0,0
04-07-2024 17:06:00.236,0,0
04-07-2024 17:06:00.241,0,0
04-07-2024 17:06:00.251,0,0
04-07-2024 17:06:00.257,0,0
04-07-2024 17:06:00.266,0,0
04-07-2024 17:06:00.277,0,0
04-07-2024 17:06:00.283,0,0
04-07-2024 17:06:00.294,0,0
04-07-2024 17:06:00.303,0,0
04-07-2024 17:06:00.311,0,0
04-07-2024 17:06:00.319,0,0
04-07-2024 17:06:00.325,0,0
04-07-2024 17:06:00.337,0,0
04-07-2024 17:06:00.343,0,0
04-07-2024 17:06:00.351,0,0
04-07-2024 17:06:00.359,0,0
04-07-2024 17:06:00.367,0,0
04-07-2024 17:06:00.377,0,0
04-07-2024 17:06:00.384,0,0
04-07-2024 17:06:00.394,0,0
04-07-2024 17:06:00.404,0,0
04-07-2024 17:06:00.413,0,0
04-07-2024 17:06:00.419,0,0
04-07-2024 17:06:00.426,0,0
04-07-2024 17:06:00.436,0,0
04-07-2024 17:06:00.442,0,0
04-07-2024 17:06:00.452,0,0
04-07-2024 17:06:00.459,0,0
04-07-2024 17:06:00.467,0,0
04-07-2024 17:06:00.477,0,0
04-07-2024 17:06:00.487,0,0
04-07-2024 17:06:00.493,0,0
04-07-2024 17:06:00.502,0,0
04-07-2024 17:06:00.510,0,0
04-07-2024 17:06:00.516,0,0
04-07-2024 17:06:00.525,0,0
04-07-2024 17:06:00.535,0,0
04-07-2024 17:06:00.541,0,0
04-07-2024 17:06:00.552,0,0
04-07-2024 17:06:00.558,0,0
04-07-2024 17:06:00.566,0,0
04-07-2024 17:06:00.576,0,0
04-07-2024 17:06:00.584,0,0
04-07-2024 17:06:00.593,0,0
04-07-2024 17:06:00.600,0,0
04-07-2024 17:06:00.609,0,0
04-07-2024 17:06:00.618,0,0
04-07-2024 17:06:00.626,0,0
04-07-2024 17:06:00.636,0,0
04-07-2024 17:06:00.642,0,0
04-07-2024 17:06:00.651,0,0
04-07-2024 17:06:00.658,0,0
04-07-2024 17:06:00.667,0,0
04-07-2024 17:06:00.676,0,0
04-07-2024 17:06:00.683,0,0
04-07-2024 17:06:00.693,0,0
04-07-2024 17:06:00.701,0,0
04-07-2024 17:06:00.709,0,0
04-07-2024 17:06:00.716,0,0
04-07-2024 17:06:00.725,0,0
04-07-2024 17:06:00.734,0,0
04-07-2024 17:06:00.742,0,0
04-07-2024 17:06:00.751,0,0
04-07-2024 17:06:00.759,0,0
04-07-2024 17:06:00.770,0,0
04-07-2024 17:06:00.775,0,0
04-07-2024 17:06:00.784,0,0
04-07-2024 17:06:00.797,0,0
04-07-2024 17:06:00.803,0,0
04-07-2024 17:06:00.811,0,0
04-07-2024 17:06:00.821,0,0
04-07-2024 17:06:00.828,0,0
04-07-2024 17:06:00.834,0,0
04-07-2024 17:06:00.842,0,0
04-07-2024 17:06:00.851,0,0
04-07-2024 17:06:00.863,0,0
04-07-2024 17:06:00.871,0,0
04-07-2024 17:06:00.876,0,0
04-07-2024 17:06:00.884,0,0
04-07-2024 17:06:00.897,0,0
04-07-2024 17:06:00.903,0,0
04-07-2024 17:06:00.913,0,0
04-07-2024 17:06:00.919,0,0
04-07-2024 17:06:00.927,0,0
04-07-2024 17:06:00.936,0,0
04-07-2024 17:06:00.943,0,0
04-07-2024 17:06:00.953,0,0
04-07-2024 17:06:00.960,0,0
04-07-2024 17:06:00.968,0,0
04-07-2024 17:06:00.977,0,0
04-07-2024 17:06:00.986,0,0
04-07-2024 17:06:00.994,0,0
04-07-2024 17:06:01.001,0,0
04-07-2024 17:06:01.011,0,0
04-07-2024 17:06:01.018,0,0
04-07-2024 17:06:01.025,0,0
04-07-2024 17:06:01.035,0,0
04-07-2024 17:06:01.043,0,0
04-07-2024 17:06:01.051,0,0
04-07-2024 17:06:01.059,0,0
04-07-2024 17:06:01.068,0,0
04-07-2024 17:06:01.076,0,0
04-07-2024 17:06:01.087,0,0
